rmse_pers_honest,rmse_model_honest,rmse_pers_naive,rmse_model_naive,ratio_honest,ratio_naive,skill_honest,skill_naive,excess_honest,excess_naive,n_test_honest,n_test_naive,n_train_honest,test_target_mean,test_target_std,test_target_sddiff,test_start,test_end,pred_std,pred_min,pred_max,rmse_bias,bias,record,record_len,missing_frac,condition,horizon,seed,gap_len,n_gaps_requested,n_gaps_placed
1.1674604602100431,1.2175595119625409,0.8698233760039464,0.895763093989131,1.0429128466958824,1.029821822108707,-4.291284669588236,-2.9821822108706986,0.050099051752497736,0.025939717985184574,325,937,1014,12.175978461538461,3.0519808905789647,1.2885416592581131,2024-01-09 07:30:00,2024-01-15 23:10:00,2.9849905967712402,3.884249687194824,18.37925910949707,-0.024159333767313163,1.309102458717537,HKWA,4007,0.05,MANY-SHORT,1,0,3,66,66
1.202733983094728,1.1952211346416997,0.865260273857222,0.8940271275882911,0.9937535244213379,1.0332464746160481,0.6246475578662092,-3.3246474616048127,-0.0075128484530282424,0.02876685373106902,352,937,1094,11.937389204545456,3.056819337042226,1.254930113140558,2024-01-09 21:50:00,2024-01-15 23:10:00,2.940711736679077,5.771661281585693,18.132463455200195,0.03627970218409726,-3.949295019471022,HKWA,4007,0.05,MANY-SHORT,1,1,3,66,66
1.2016774089040796,1.2170931398395157,0.8645465076100327,0.8947953977342059,1.0128285102317893,1.03498815836732,-1.2828510231789325,-3.4988158367319944,0.015415730935436134,0.0302488901241732,284,937,891,13.810116197183099,1.9747543448271503,1.2861019975929644,2024-01-08 18:30:00,2024-01-15 23:10:00,1.8715156316757202,7.0650739669799805,18.49182891845703,0.014833159188737066,-2.215964813553062,HKWA,4007,0.05,MANY-SHORT,1,2,3,66,66
1.2637998741394936,1.2744275463216987,0.866080117855323,0.897373843984857,1.0084092999213514,1.0361325996110229,-0.8409299921351421,-3.6132599611022886,0.010627672182205172,0.03129372612953396,320,937,999,11.817000000000002,3.3713879727050102,1.3194248487750782,2024-01-11 04:20:00,2024-01-15 23:10:00,3.3378677368164062,4.981387615203857,18.51827621459961,0.02066605394732879,-2.7723299689671466,HKWA,4007,0.05,MANY-SHORT,1,3,3,66,66
1.1543330620673644,1.229854037364122,0.8596317291211663,0.8889028474268971,1.0654239038787494,1.034050765361646,-6.542390387874941,-3.4050765361645974,0.07552097529675761,0.029271118305730814,330,937,1029,12.142557575757575,3.117748410265866,1.195250249833442,2024-01-10 06:30:00,2024-01-15 23:10:00,2.6946847438812256,5.8445329666137695,19.00125503540039,-0.046249856991026794,3.137313851710344,HKWA,4007,0.05,MANY-SHORT,1,4,3,66,66
1.1862375468563977,1.2573065084996322,0.8474614884384655,0.8639232202167879,1.0599112393900965,1.0194247549922946,-5.991123939009646,-1.9424754992294568,0.07106896164323451,0.01646173177832244,313,937,978,10.750757188498403,3.77502525711303,1.1853095424293587,2024-01-11 02:40:00,2024-01-15 23:10:00,3.5408847332000732,4.8228678703308105,18.299413681030273,-0.054607229864912066,4.048648439780189,HKWA,4007,0.05,MANY-SHORT,1,5,3,66,66
1.1677117556923122,1.1955406057492308,0.8670050542764298,0.8869505756300089,1.023831951610712,1.0230050808299207,-2.3831951610711943,-2.30050808299207,0.027828850056918597,0.019945521353579077,356,937,1104,11.16083426966292,3.7342366611711393,1.1772301397838374,2024-01-11 16:40:00,2024-01-15 23:10:00,3.4364662170410156,4.625158309936523,18.63819694519043,-0.00788332870333952,0.08268707807912445,HKWA,4007,0.05,MANY-SHORT,1,6,3,66,66
1.1866587400342545,1.2139077402799245,0.8590258934353002,0.87896127525299,1.0229627940421047,1.023206962642263,-2.296279404210466,-2.3206962642263074,0.027249000245670008,0.019935381817689724,317,937,988,13.21761829652997,2.9633621384249893,1.365489772843585,2024-01-08 06:20:00,2024-01-15 23:10:00,2.873323917388916,5.981279373168945,18.40359115600586,-0.007313618427980284,-0.024416860015841202,HKWA,4007,0.05,MANY-SHORT,1,7,3,66,66
1.1367951459275094,1.231237420660384,0.864034949414682,0.8976141637852664,1.0830776548186432,1.0388632594009442,-8.307765481864315,-3.886325940094415,0.09444227473287459,0.03357921437058442,368,937,1143,11.456225543478263,3.405548603206839,1.1727799786615487,2024-01-10 14:30:00,2024-01-15 23:10:00,3.2678349018096924,5.110855579376221,18.958093643188477,-0.06086306036229017,4.4214395417699,HKWA,4007,0.05,MANY-SHORT,1,8,3,66,66
1.076563201289528,1.1018327884604138,0.8639012460114825,0.8808674118002668,1.023472460456216,1.0196390106706232,-2.347246045621598,-1.9639010670623236,0.025269587170885677,0.016966165788784293,383,937,1188,12.943955613577023,2.5776511634088615,1.176176590297256,2024-01-07 00:50:00,2024-01-15 23:10:00,2.525499105453491,5.9657111167907715,18.25018882751465,-0.008303421382101384,0.38334497855927463,HKWA,4007,0.05,MANY-SHORT,1,9,3,66,66
1.171956702191264,1.191171707455178,0.8705271694945397,0.8881443735744731,1.0163956613994243,1.0202373971741314,-1.6395661399424277,-2.023739717413142,0.019215005263913953,0.01761720407993339,381,937,1180,12.655015748031495,2.6089930338486216,1.1999267179262874,2024-01-08 01:50:00,2024-01-15 23:10:00,2.4837183952331543,5.688779354095459,18.340421676635742,-0.0015978011839805628,-0.38417357747071446,HKWA,4007,0.05,MANY-SHORT,1,10,3,66,66
1.2007137389786693,1.190749902883911,0.8710629480994819,0.8955928187347948,0.9917017389146946,1.0281608472600436,0.8298261085305403,-2.816084726004364,-0.00996383609475826,0.024529870635312867,323,937,1005,12.781513931888545,3.092374543601948,1.3078236690195335,2024-01-07 04:40:00,2024-01-15 23:10:00,3.0016021728515625,5.078925132751465,18.032669067382812,0.03449370673007113,-3.6459108345349045,HKWA,4007,0.05,MANY-SHORT,1,11,3,66,66
1.2879382499991259,1.3218144996013959,0.8698323536018105,0.8877502155449299,1.0263026970449034,1.020599213019526,-2.63026970449034,-2.0599213019526053,0.03387624960226998,0.017917861943119395,296,937,925,12.677425675675675,2.8807337702895603,1.32581769806535,2024-01-08 15:00:00,2024-01-15 23:10:00,2.871920585632324,6.7151923179626465,18.4277286529541,-0.015958387659150586,0.5703484025377348,HKWA,4007,0.05,MANY-SHORT,1,12,3,66,66
1.2065914079164888,1.2396997702067802,0.8617786142252346,0.8800997654023057,1.0274395806841208,1.0212596957903655,-2.743958068412078,-2.1259695790365463,0.03310836229029146,0.018321151177071116,304,937,950,13.025911184210527,3.579255787006886,1.3898931558564094,2024-01-07 13:00:00,2024-01-15 23:10:00,3.4630470275878906,4.778118133544922,18.402301788330078,-0.014787211113220344,0.6179884893755316,HKWA,4007,0.05,MANY-SHORT,1,13,3,66,66
1.238285733730152,1.2510298891852771,0.8692140575877829,0.8945823139189714,1.0102917728178415,1.029185280782952,-1.029177281784155,-2.9185280782952017,0.012744155455125084,0.025368256331188443,317,937,988,12.28198738170347,2.9919251042587574,1.2894023015860032,2024-01-10 21:50:00,2024-01-15 23:10:00,2.959993839263916,6.057957172393799,19.02390480041504,0.01262410087606336,-1.8893507965110468,HKWA,4007,0.05,MANY-SHORT,1,14,3,66,66
1.6303342911680616,1.6429674816809676,1.197634972886877,1.28870603046952,1.0077488344453915,1.0760424166331064,-0.7748834445391539,-7.60424166331064,0.012633190512906012,0.091071057582643,313,937,982,12.228249201277956,3.0401574043674175,1.296288856368556,2024-01-09 07:30:00,2024-01-15 22:50:00,2.6251606941223145,4.7996087074279785,18.259660720825195,0.07843786706973699,-6.829358218771486,HKWA,4007,0.05,MANY-SHORT,3,0,3,66,66
1.70645237581201,1.6215776955819114,1.2125275712298378,1.2588222695193272,0.9502624969596873,1.0381803262770626,4.973750304031266,-3.818032627706258,-0.08487468023009859,0.0462946982894894,339,937,1061,12.02994395280236,3.047784445036654,1.2814996221406054,2024-01-09 22:00:00,2024-01-15 22:50:00,2.946225881576538,5.633920192718506,19.965709686279297,0.131169378519588,-8.791782931737524,HKWA,4007,0.05,MANY-SHORT,3,1,3,66,66
1.7678886254178792,1.7512044085519234,1.200074422718872,1.249774652592354,0.9905626312505902,1.041414289757865,0.9437368749409814,-4.14142897578651,-0.01668421686595578,0.049700229873482105,271,937,858,13.836088560885608,1.9023696621951172,1.2728017466205308,2024-01-08 19:00:00,2024-01-15 22:50:00,1.8861676454544067,8.833367347717285,18.306259155273438,0.06638444673943789,-5.085165850727491,HKWA,4007,0.05,MANY-SHORT,3,2,3,66,66
1.8406595749920114,1.7526722981583174,1.2067660055298437,1.255762699811098,0.9521979631491196,1.040601652728643,4.780203685088036,-4.060165272864302,-0.087987276833694,0.048996694281254305,307,937,964,11.936328990228015,3.382785766676812,1.350469560356202,2024-01-11 05:10:00,2024-01-15 22:50:00,3.3471269607543945,5.980276584625244,17.952646255493164,0.1369839711149483,-8.84036895795234,HKWA,4007,0.05,MANY-SHORT,3,3,3,66,66
1.6825798792796551,1.7844385357187933,1.2107744873116821,1.2530595015699746,1.0605371891661666,1.0349239389344742,-6.053718916616657,-3.492393893447421,0.10185865643913816,0.04228501425829245,319,937,999,12.186993730407522,3.146076077170778,1.1796651475313769,2024-01-10 07:20:00,2024-01-15 22:50:00,2.492225408554077,6.13019323348999,19.174571990966797,-0.05957364218084571,2.5613250231692364,HKWA,4007,0.05,MANY-SHORT,3,4,3,66,66
1.7095089675108461,1.9389911090111385,1.190652719567126,1.279801310987102,1.1342386298414293,1.0748737141862716,-13.423862984142932,-7.4873714186271645,0.22948214150029234,0.08914859141997611,300,937,943,10.846293333333334,3.8126615629971083,1.237781851960788,2024-01-11 03:30:00,2024-01-15 22:50:00,3.1900417804718018,6.430563926696777,17.794170379638672,-0.14033355008031623,5.936491565515768,HKWA,4007,0.05,MANY-SHORT,3,5,3,66,66
1.6679334894906424,1.7839557643158284,1.21019163260207,1.2233144442141726,1.0695604924034574,1.0108435815110428,-6.956049240345741,-1.084358151104281,0.11602227482518601,0.013122811612102492,343,937,1073,11.202145772594752,3.7846477668701395,1.1920625066848265,2024-01-12 05:10:00,2024-01-15 22:50:00,3.147249221801758,5.903390407562256,18.923017501831055,-0.10289946321308352,5.87169108924146,HKWA,4007,0.05,MANY-SHORT,3,6,3,66,66
1.7209442462451277,1.7354925262654033,1.1974201501597248,1.220887248524223,1.0084536614431399,1.0195980486559943,-0.8453661443139859,-1.959804865599435,0.014548280020275639,0.02346709836449823,304,937,955,13.37896052631579,2.8733959321075737,1.3569470738854303,2024-01-08 06:50:00,2024-01-15 22:50:00,2.690413236618042,7.743651390075684,18.166183471679688,0.00891881834422259,-1.114438721285449,HKWA,4007,0.05,MANY-SHORT,3,7,3,66,66
1.6529638948387375,1.8116748664026328,1.2090439655221952,1.2608204910427672,1.0960159940936756,1.0428243529574288,-9.601599409367555,-4.282435295742881,0.15871097156389524,0.05177652552057199,356,937,1111,11.50077247191011,3.42383512896953,1.1913175280871315,2024-01-10 14:50:00,2024-01-15 22:50:00,3.26662015914917,4.431385040283203,18.446746826171875,-0.10693444604332325,5.319164113624674,HKWA,4007,0.05,MANY-SHORT,3,8,3,66,66
1.5594348820490553,1.50256031921912,1.2133247081409295,1.2619895229371398,0.9635287350022569,1.040108648962383,3.6471264997743114,-4.010864896238298,-0.056874562829935416,0.04866481479621032,370,937,1155,12.992802702702704,2.558871674167652,1.1899162285961336,2024-01-07 00:40:00,2024-01-15 22:50:00,2.3509209156036377,5.780405521392822,18.368989944458008,0.10553937762614574,-7.6579913960126085,HKWA,4007,0.05,MANY-SHORT,3,9,3,66,66
1.6539474708747683,1.6635973579787207,1.2051216011835795,1.258533210822141,1.0058344580307914,1.0443205146983547,-0.5834458030791412,-4.432051469835474,0.009649887103952315,0.05341160963856151,368,937,1149,12.70734239130435,2.5618002697124203,1.2181346776142572,2024-01-08 02:00:00,2024-01-15 22:50:00,2.439235210418701,6.972387313842773,18.892793655395508,0.04376172253460919,-3.848605666756333,HKWA,4007,0.05,MANY-SHORT,3,10,3,66,66
1.7663130124823616,1.7450035470625103,1.2192474304633858,1.2744450652435426,0.9879356233752119,1.0452718893647195,1.2064376624788098,-4.527188936471949,-0.021309465419851348,0.05519763478015682,310,937,974,12.813258064516129,3.100135682439034,1.324546524112377,2024-01-07 04:30:00,2024-01-15 22:50:00,2.896099328994751,6.597196102142334,18.588281631469727,0.07650710020000817,-5.733626598950758,HKWA,4007,0.05,MANY-SHORT,3,11,3,66,66
1.8870812836565256,1.893004373088019,1.2132590669352254,1.2365203981941137,1.003138756916722,1.0191726003891717,-0.3138756916722052,-1.917260038917168,0.005923089431493445,0.023261331258888296,284,937,894,12.706830985915492,2.886649488110548,1.3371002303617845,2024-01-09 19:50:00,2024-01-15 22:50:00,3.0562925338745117,6.711971759796143,19.027708053588867,0.01733824182739485,-1.6033843472449627,HKWA,4007,0.05,MANY-SHORT,3,12,3,66,66
1.7514745372955098,1.8135877010459802,1.2101849334319348,1.2843396489437782,1.0354633552631491,1.0612755236520337,-3.5463355263149143,-6.12755236520337,0.06211316375047038,0.07415471551184338,292,937,919,13.083842465753424,3.591509454270512,1.3892422102208957,2024-01-07 13:40:00,2024-01-15 22:50:00,3.2201638221740723,5.7430219650268555,18.725555419921875,0.012041551761373004,-2.581216838888456,HKWA,4007,0.05,MANY-SHORT,3,13,3,66,66
1.7970849610903343,1.693420180522228,1.2129825492924209,1.2744839933427534,0.9423150363991637,1.0507026618694628,5.76849636008363,-5.070266186946282,-0.10366478056810635,0.06150144405033253,305,937,959,12.473724590163936,2.864167567028556,1.2904837646617344,2024-01-10 22:50:00,2024-01-15 22:50:00,2.84704852104187,5.759541034698486,18.691770553588867,0.16516622461843888,-10.838762547029912,HKWA,4007,0.05,MANY-SHORT,3,14,3,66,66
0.9495019857351708,0.9778108277968396,0.8767648035882252,0.8986668027630473,1.0298144105930964,1.0249804726252543,-2.981441059309642,-2.498047262525427,0.028308842061668837,0.021901999174822162,765,937,2334,10.628756862745098,2.901973592303479,0.9655801336664915,2024-01-09 13:30:00,2024-01-15 23:10:00,2.920400619506836,4.137789249420166,18.65096664428711,-0.006406842886846675,0.483393796784215,HKWA,4007,0.05,MEDIUM,1,0,18,11,11
0.9277925179731021,0.960301640191555,0.8713809633857745,0.8858288414083915,1.0350392157607324,1.016580437982578,-3.5039215760732434,-1.6580437982578022,0.03250912221845281,0.014447878022616933,757,937,2307,10.940289299867898,3.0671040772900255,0.9309372452943168,2024-01-09 01:40:00,2024-01-15 23:10:00,3.005908489227295,4.778629779815674,18.58814811706543,-0.01806124419583588,1.8458777778154412,HKWA,4007,0.05,MEDIUM,1,1,18,11,11
0.953993028153821,0.9572325651895682,0.870917583069412,0.8900299433452407,1.0033957659439257,1.0219450848706833,-0.3395765943925655,-2.194508487068325,0.0032395370357471975,0.019112360275828633,761,937,2319,10.412153745072274,3.0160672034682565,0.9736960508446163,2024-01-09 14:10:00,2024-01-15 23:10:00,3.0237812995910645,4.540257453918457,18.775659561157227,0.015872823240081435,-1.8549318926757596,HKWA,4007,0.05,MEDIUM,1,2,18,11,11
0.9246787403123434,0.992879254021514,0.8709629639227375,0.9038725514939878,1.0737559010885591,1.0377852893113027,-7.375590108855912,-3.778528931130265,0.06820051370917057,0.03290958757125029,779,937,2376,10.588450577663671,2.9187572347997826,0.9291209021125622,2024-01-09 05:00:00,2024-01-15 23:10:00,2.7553517818450928,5.63035249710083,18.537403106689453,-0.03529092613792029,3.5970611777256467,HKWA,4007,0.05,MEDIUM,1,3,18,11,11
0.8868043416319207,0.9029379329840649,0.8585280222535917,0.8837048982635857,1.0181929548545678,1.029325631030547,-1.8192954854567844,-2.9325631030546973,0.016133591352144205,0.025176876009993965,771,937,2351,11.172378728923476,3.1954530060123156,0.8951729944805225,2024-01-08 19:50:00,2024-01-15 23:10:00,3.2072641849517822,4.4486775398254395,18.41720199584961,0.00904328465784976,-1.1132676175979128,HKWA,4007,0.05,MEDIUM,1,4,18,11,11
0.9244436396627291,0.9410837258881456,0.8701362434568285,0.9032183364663566,1.0180001089428095,1.0380194403558016,-1.8000108942809456,-3.8019440355801626,0.01664008622541646,0.033082093009528135,769,937,2346,10.370236671001301,2.9622416947577204,0.9305947627105862,2024-01-09 12:50:00,2024-01-15 23:10:00,2.961909532546997,4.000227928161621,18.615005493164062,0.016442006784111673,-2.001933141299217,HKWA,4007,0.05,MEDIUM,1,5,18,11,11
0.8749617526292428,0.8867128405164864,0.8627278620326504,0.8802898767815474,1.013430401788343,1.0203563783224985,-1.3430401788343094,-2.035637832249848,0.01175108788724355,0.01756201474889696,773,937,2356,10.69809961190168,3.044565171452414,0.8937272671927993,2024-01-09 12:10:00,2024-01-15 23:10:00,3.10109543800354,4.091075897216797,18.5681095123291,0.005810926861653409,-0.6925976534155387,HKWA,4007,0.05,MEDIUM,1,6,18,11,11
0.9097293773281082,0.9866212391261768,0.863023526479553,0.8917378089073896,1.084521687124034,1.033271726142818,-8.452168712403395,-3.3271726142817926,0.07689186179806862,0.02871428242783658,763,937,2326,11.1628623853211,3.2513144982676505,0.9298817480390047,2024-01-08 11:30:00,2024-01-15 23:10:00,3.039825916290283,4.657712459564209,18.533935546875,-0.04817757937023204,5.124996098121603,HKWA,4007,0.05,MEDIUM,1,7,18,11,11
0.8747137276455649,0.9138199239024851,0.8693470163242576,0.9013760155289282,1.0447074225783342,1.036842594042704,-4.4707422578334155,-3.6842594042703958,0.039106196256920245,0.032028999204670616,769,937,2344,10.840514954486345,2.945175726492293,0.8948760581656442,2024-01-08 23:40:00,2024-01-15 23:10:00,2.96893048286438,4.155577182769775,18.643115997314453,-0.007077197052249629,0.7864828535630197,HKWA,4007,0.05,MEDIUM,1,8,18,11,11
0.9070216419230451,0.936357887176231,0.8612626679112901,0.870786063135337,1.032343489832269,1.0110574805792323,-3.234348983226898,-1.1057480579232282,0.0293362452531859,0.009523395224046882,757,937,2307,11.449247027741086,2.893814958312559,0.9275013348641225,2024-01-08 12:30:00,2024-01-15 23:10:00,2.9056780338287354,3.867103338241577,18.48604393005371,-0.019812850029139017,2.1286009253036697,HKWA,4007,0.05,MEDIUM,1,9,18,11,11
0.9370900357302574,0.9598282151917036,0.867828413810262,0.888081323913724,1.0242646689159667,1.0233374590888769,-2.426466891596668,-2.3337459088876855,0.022738179461446184,0.020252910103461974,770,937,2346,10.558427272727272,3.194426154272525,0.9404627734919409,2024-01-08 13:50:00,2024-01-15 23:10:00,3.201643228530884,4.539960861206055,18.38096809387207,-0.00248526935798421,0.09272098270898255,HKWA,4007,0.05,MEDIUM,1,10,18,11,11
0.9333835979675096,0.9724601947875008,0.8703473588631395,0.8975690069118171,1.0418655276405997,1.031276762974538,-4.18655276405997,-3.1276762974538075,0.039076596819991205,0.02722164804867755,796,937,2425,10.202258793969849,2.910385941762811,0.9339524552554391,2024-01-10 10:40:00,2024-01-15 23:10:00,2.9217777252197266,4.629143714904785,18.700101852416992,-0.011854948771313656,1.0588764666061623,HKWA,4007,0.05,MEDIUM,1,11,18,11,11
0.9134722168750238,1.0004760319612584,0.8586867750163891,0.8991945208664582,1.0952451683575812,1.0471740651290407,-9.524516835758124,-4.717406512904065,0.08700381508623467,0.04050774585006911,778,937,2372,10.66153856041131,3.058163967163224,0.9199858360010654,2024-01-09 11:20:00,2024-01-15 23:10:00,2.842597723007202,5.907273769378662,18.40462875366211,-0.04649606923616556,4.807110322854059,HKWA,4007,0.05,MEDIUM,1,12,18,11,11
0.9158911121625359,0.9566083220754535,0.8845609864450622,0.8998867827671929,1.0444563871973591,1.0173258786640853,-4.4456387197359115,-1.7325878664085304,0.04071720991291761,0.015325796322130714,801,937,2442,11.843848938826468,2.881439480373166,0.9437445043250583,2024-01-07 11:00:00,2024-01-15 23:10:00,2.8505194187164307,4.360108375549316,18.570707321166992,-0.025391413590786893,2.713050853327381,HKWA,4007,0.05,MEDIUM,1,13,18,11,11
0.9325644869353505,0.9518929833981257,0.8712714564974284,0.8895191482167448,1.0207261768312599,1.0209437501748002,-2.072617683125988,-2.0943750174800213,0.019328496462775124,0.018247691719316395,785,937,2392,10.85576433121019,2.885121865732713,0.9438698810499179,2024-01-09 10:10:00,2024-01-15 23:10:00,2.9092650413513184,4.252819538116455,18.606515884399414,-0.0010808047434587298,-0.021757334354033375,HKWA,4007,0.05,MEDIUM,1,14,18,11,11
1.3094461381264804,1.3080825213791956,1.2240288856532568,1.276621220730468,0.9989586308992932,1.0429665800322538,0.1041369100706846,-4.296658003225384,-0.0013636167472848015,0.05259233507721106,758,937,2317,10.62824802110818,2.9055237202406916,0.9737518381556797,2024-01-09 13:40:00,2024-01-15 22:50:00,2.9336154460906982,4.27488374710083,18.50002670288086,0.05395595182449586,-4.400794913296069,HKWA,4007,0.05,MEDIUM,3,0,18,11,11
1.300042825627148,1.3664545926998708,1.2075029390932719,1.225329136917827,1.051084291812222,1.0147628608158428,-5.108429181222207,-1.476286081584277,0.0664117670727229,0.01782619782455508,749,937,2289,10.933408544726301,3.0812180781481904,0.9327126972936287,2024-01-09 01:40:00,2024-01-15 22:50:00,2.9206721782684326,5.563876628875732,17.904077529907227,-0.048585569248167815,3.63214309963793,HKWA,4007,0.05,MEDIUM,3,1,18,11,11
1.319763508031448,1.3604777074462826,1.2079023987513582,1.2268958022812821,1.030849617501217,1.0157242866224605,-3.0849617501216953,-1.5724286622460504,0.04071419941483456,0.018993403529923958,753,937,2303,10.406964143426293,3.0169376186782264,0.9795317124128516,2024-01-09 14:30:00,2024-01-15 22:50:00,2.9754159450531006,4.742374897003174,19.28153419494629,-0.021720795884910604,1.5125330878756449,HKWA,4007,0.05,MEDIUM,3,2,18,11,11
1.2953660359521726,1.3682754438533136,1.2108875525365435,1.2701133697998086,1.0562847920028628,1.0489110794302907,-5.628479200286285,-4.891107943029072,0.07290940790114098,0.059225817263265146,772,937,2361,10.576483160621763,2.928736241540771,0.9318602264218077,2024-01-09 05:10:00,2024-01-15 22:50:00,2.607515573501587,6.326785087585449,18.537673950195312,-0.013683590637875831,0.7373712572572133,HKWA,4007,0.05,MEDIUM,3,3,18,11,11
1.27033070991984,1.3108493972624444,1.2179354094886283,1.252537511495942,1.0318961724110103,1.0284104573508066,-3.189617241101028,-2.8410457350806606,0.04051868734260444,0.03460210200731373,764,937,2334,11.174332460732982,3.20455402054977,0.898076146111517,2024-01-08 19:40:00,2024-01-15 22:50:00,3.2047579288482666,4.487902641296387,18.404211044311523,-0.005916585335290714,0.34857150602036757,HKWA,4007,0.05,MEDIUM,3,4,18,11,11
1.2765242846667006,1.3013663414440346,1.2080403864275928,1.2391814787593378,1.0194607004940923,1.0257781881149148,-1.946070049409232,-2.5778188114914835,0.024842056777333976,0.031141092331745,762,937,2329,10.362641732283466,2.970106548985517,0.9426580453892269,2024-01-09 13:00:00,2024-01-15 22:50:00,2.9822964668273926,3.9997494220733643,17.853424072265625,0.0062990355544110255,-0.6317487620822515,HKWA,4007,0.05,MEDIUM,3,5,18,11,11
1.213140721401137,1.2485949482025773,1.2029240397731884,1.2635779450511013,1.029225155974067,1.0504220576465901,-2.922515597406705,-5.0422057646590135,0.03545422680144039,0.06065390527791292,766,937,2341,10.681285900783289,3.0516081734669678,0.8938142694139282,2024-01-09 12:20:00,2024-01-15 22:50:00,3.1145741939544678,4.051649570465088,18.861404418945312,0.02519967847647253,-2.1196901672523083,HKWA,4007,0.05,MEDIUM,3,6,18,11,11
1.2783258857578825,1.4929846176323573,1.2106600583762996,1.243024569995277,1.1679217594402462,1.0267329473662357,-16.792175944024624,-2.673294736623566,0.21465873187447482,0.032364511618977465,755,937,2310,11.176468874172185,3.2568978357644784,0.9432820301850244,2024-01-08 11:10:00,2024-01-15 22:50:00,2.770601272583008,6.072128772735596,18.597951889038086,-0.18229422025549735,14.118881207401058,HKWA,4007,0.05,MEDIUM,3,7,18,11,11
1.2239309562002814,1.2784270971567895,1.207883879952583,1.2883779491960363,1.044525502586921,1.066640569163497,-4.4525502586920895,-6.664056916349703,0.05449614095650812,0.08049406924345326,761,937,2328,10.814840998685941,2.9458206809943532,0.8950886281927307,2024-01-08 23:40:00,2024-01-15 22:50:00,3.0446367263793945,3.6424400806427,18.549903869628906,0.025997928286945138,-2.2115066576576137,HKWA,4007,0.05,MEDIUM,3,8,18,11,11
1.2798539114730831,1.3000558288172437,1.1988918945481422,1.2225509542150144,1.0157845494419817,1.019734105947717,-1.578454944198171,-1.9734105947716962,0.020201917344160547,0.023659059666872206,749,937,2289,11.469742323097462,2.8886234180591317,0.9248347289070018,2024-01-08 12:10:00,2024-01-15 22:50:00,2.9672348499298096,4.100987911224365,19.1928768157959,0.0034571423227116593,-0.3949556505735252,HKWA,4007,0.05,MEDIUM,3,9,18,11,11
1.3050054277466552,1.3333807140045824,1.2015129678671976,1.2336585742426764,1.0217434239387975,1.0267542733496589,-2.174342393879747,-2.6754273349658853,0.02837528625792718,0.03214560637547881,763,937,2331,10.539222804718218,3.2001452387836347,0.9459472696933228,2024-01-08 13:40:00,2024-01-15 22:50:00,3.20458722114563,5.4231343269348145,18.78357696533203,0.0037703201175516288,-0.5010849410861384,HKWA,4007,0.05,MEDIUM,3,10,18,11,11
1.2956003158694476,1.3339292448175606,1.205291163005879,1.2575925218647515,1.029583914482447,1.0433931322689183,-2.9583914482447016,-4.339313226891828,0.03832892894811302,0.05230135885887255,790,937,2413,10.197001265822784,2.9206955251500126,0.9371994388747916,2024-01-10 11:20:00,2024-01-15 22:50:00,2.9260170459747314,5.155935287475586,18.615095138549805,0.013972429910759532,-1.3809217786471262,HKWA,4007,0.05,MEDIUM,3,11,18,11,11
1.2756438017524392,1.475483231884753,1.202093399042414,1.2634542099888826,1.1566577048058249,1.0510449612279282,-15.665770480582486,-5.104496122792823,0.19983943013231387,0.0613608109464685,771,937,2357,10.653932555123218,3.06814218503076,0.9243516840058253,2024-01-09 11:30:00,2024-01-15 22:50:00,2.6883952617645264,6.711205959320068,18.509084701538086,-0.13847861918584536,10.561274357789664,HKWA,4007,0.05,MEDIUM,3,12,18,11,11
1.3103994018820484,1.332994019403186,1.2270993050180035,1.2571938442740742,1.0172425426085254,1.024524941977397,-1.7242542608525424,-2.4524941977396963,0.02259461752113756,0.03009453925607075,795,937,2430,11.871389937106919,2.882255351429178,0.9433083608941024,2024-01-07 10:20:00,2024-01-15 22:50:00,2.856334924697876,4.211947917938232,18.70000648498535,0.00749992173493319,-0.7282399368871539,HKWA,4007,0.05,MEDIUM,3,13,18,11,11
1.2871394635837456,1.3314990345110176,1.2101643696184954,1.2677647059918051,1.0344636864786687,1.0475971180604733,-3.446368647866871,-4.759711806047329,0.04435957092727194,0.057600336373309746,778,937,2379,10.856150385604112,2.8894912823368,0.9536142195290881,2024-01-09 10:20:00,2024-01-15 22:50:00,2.95796275138855,4.248696327209473,19.121524810791016,0.013240765446037805,-1.3133431581804578,HKWA,4007,0.05,MEDIUM,3,14,18,11,11
0.9012572222817743,0.9181719110575591,0.8992992206869055,0.935957300802612,1.0187678815299375,1.0407629399341702,-1.876788152993747,-4.076293993417024,0.016914688775784836,0.03665808011570648,923,951,2805,11.479616468039003,2.9798669748297715,0.926453666322949,2024-01-08 03:20:00,2024-01-15 23:10:00,2.9277656078338623,4.6613569259643555,18.61994743347168,0.019743391339921645,-2.199505840423277,HKWA,4007,0.05,FEW-LONG,1,0,144,1,1
0.874764859288819,0.8901510375602222,0.8638786614713497,0.8903336874666825,1.0175889304514496,1.0306235437628184,-1.7588930451449603,-3.0623543762818395,0.015386178271403206,0.02645502599533278,923,951,2805,10.525286023835319,2.845367646711217,0.875161820558097,2024-01-09 13:30:00,2024-01-15 23:10:00,2.854212760925293,4.532888889312744,18.51462745666504,0.011068847723929576,-1.3034613311368792,HKWA,4007,0.05,FEW-LONG,1,1,144,1,1
0.904863084403819,0.9238964552048358,0.8818701861592743,0.9067222072360211,1.0210345312225408,1.0281810423651836,-2.103453122254084,-2.8181042365183595,0.019033370801016747,0.02485202107674689,923,951,2805,11.183509209100759,3.0713248271026563,0.9297084590540878,2024-01-08 03:20:00,2024-01-15 23:10:00,3.0278754234313965,4.6613569259643555,18.61994743347168,0.005818650275730142,-0.7146511142642753,HKWA,4007,0.05,FEW-LONG,1,2,144,1,1
0.9021265661083482,0.9212924619273556,0.8763517490212581,0.9032924426657992,1.0212452404563215,1.030741872398417,-2.124524045632148,-3.074187239841697,0.019165895819007406,0.026940693644541103,923,951,2805,10.770997833152764,3.1102923831296554,0.9122405939587581,2024-01-08 03:20:00,2024-01-15 23:10:00,3.0800862312316895,4.6613569259643555,18.61994743347168,0.007774797825533697,-0.949663194209549,HKWA,4007,0.05,FEW-LONG,1,3,144,1,1
0.874764859288819,0.9006053414353458,0.8638786614713497,0.8801845522864972,1.0295399179243838,1.018875209612627,-2.953991792438382,-1.8875209612627009,0.02584048214652679,0.01630589081514744,923,951,2805,10.525286023835319,2.845367646711217,0.875161820558097,2024-01-09 13:30:00,2024-01-15 23:10:00,2.860943078994751,4.526457786560059,18.645004272460938,-0.00953459133137935,1.066470831175681,HKWA,4007,0.05,FEW-LONG,1,4,144,1,1
0.874764859288819,0.8962071435440352,0.8638786614713497,0.8941764639029096,1.0245120548997004,1.0350718263835306,-2.451205489970043,-3.507182638353057,0.021442284255216215,0.030297802431559884,923,951,2805,10.525286023835319,2.845367646711217,0.875161820558097,2024-01-09 13:30:00,2024-01-15 23:10:00,2.8714048862457275,4.413282871246338,18.833078384399414,0.008855518176343669,-1.0559771483830138,HKWA,4007,0.05,FEW-LONG,1,5,144,1,1
0.874764859288819,0.8838254400421229,0.8638786614713497,0.8763259128206585,1.010357732889122,1.0144085644251344,-1.0357732889122007,-1.4408564425134385,0.00906058075330396,0.012447251349308797,923,951,2805,10.525286023835319,2.845367646711217,0.875161820558097,2024-01-09 13:30:00,2024-01-15 23:10:00,2.8530080318450928,4.298154354095459,18.722549438476562,0.003386670596004837,-0.4050831536012378,HKWA,4007,0.05,FEW-LONG,1,6,144,1,1
0.8593871257196342,0.8790370260356978,0.8368760516123969,0.8662842588077505,1.0228650159258659,1.0351404573457363,-2.2865015925865873,-3.5140457345736342,0.019649900316063618,0.02940820719535364,923,951,2805,11.808692307692306,2.710948955443447,0.8609209069309095,2024-01-08 03:20:00,2024-01-15 23:10:00,2.6953635215759277,5.544143199920654,18.61994743347168,0.009758306879290024,-1.227544141987047,HKWA,4007,0.05,FEW-LONG,1,7,144,1,1
0.874764859288819,0.8962412805083305,0.8638786614713497,0.8976004040124053,1.0245510790602308,1.0390352766482518,-2.4551079060230796,-3.9035276648251793,0.021476421219511543,0.03372174254105553,923,951,2805,10.525286023835319,2.845367646711217,0.875161820558097,2024-01-09 13:30:00,2024-01-15 23:10:00,2.8736093044281006,4.457719326019287,18.58326530456543,0.01224532132154399,-1.4484197588020997,HKWA,4007,0.05,FEW-LONG,1,8,144,1,1
0.874764859288819,0.8858875668136921,0.8638786614713497,0.8915765111817864,1.0127150826953837,1.0320621991788315,-1.2715082695383684,-3.2062199178831463,0.011122707524873099,0.02769784971043665,923,951,2805,10.525286023835319,2.845367646711217,0.875161820558097,2024-01-09 13:30:00,2024-01-15 23:10:00,2.85568904876709,4.558586120605469,18.74725914001465,0.01657514218556355,-1.934711648344778,HKWA,4007,0.05,FEW-LONG,1,9,144,1,1
0.8772329928399736,0.8943789240053815,0.8638786614713497,0.8857498700827486,1.0195454700237612,1.0253174543912777,-1.954547002376117,-2.531745439127775,0.017145931165407968,0.021871208611398907,923,951,2805,10.529032502708558,2.849045779893973,0.8774037963637968,2024-01-08 03:20:00,2024-01-15 23:10:00,2.841374635696411,4.6613569259643555,18.61994743347168,0.004725277445990939,-0.577198436751658,HKWA,4007,0.05,FEW-LONG,1,10,144,1,1
0.874764859288819,0.8933923219495825,0.8638786614713497,0.8834025553833785,1.0212942512070131,1.0226002733749389,-2.1294251207013115,-2.260027337493886,0.01862746266076354,0.0195238939120288,923,951,2805,10.525286023835319,2.845367646711217,0.875161820558097,2024-01-09 13:30:00,2024-01-15 23:10:00,2.852020740509033,4.648515224456787,18.668302536010742,0.0008964312512652617,-0.13060221679257467,HKWA,4007,0.05,FEW-LONG,1,11,144,1,1
0.874764859288819,0.8804255224288094,0.8638786614713497,0.882835233952031,1.006471068287531,1.0219435591202064,-0.6471068287531079,-2.19435591202064,0.005660663139990474,0.018956572480681277,923,951,2805,10.525286023835319,2.845367646711217,0.875161820558097,2024-01-09 13:30:00,2024-01-15 23:10:00,2.8505966663360596,4.1251220703125,18.751590728759766,0.013295909340690804,-1.5472490832675323,HKWA,4007,0.05,FEW-LONG,1,12,144,1,1
0.8525812117584773,0.8759714204876848,0.8506511645707004,0.876831538565383,1.0274345814880959,1.030776862579028,-2.7434581488095855,-3.0776862579027897,0.023390208729207496,0.026180373994682538,923,951,2805,11.664998916576382,2.9436544616142153,0.8537092405653979,2024-01-08 03:20:00,2024-01-15 23:10:00,2.8985328674316406,4.6613569259643555,18.61994743347168,0.002790165265475042,-0.3342281090932042,HKWA,4007,0.05,FEW-LONG,1,13,144,1,1
0.874764859288819,0.8836704559599735,0.8638786614713497,0.8740540423726826,1.0101805606119052,1.0117787154089468,-1.0180560611905198,-1.1778715408946816,0.008905596671154536,0.010175380901332853,923,951,2805,10.525286023835319,2.845367646711217,0.875161820558097,2024-01-09 13:30:00,2024-01-15 23:10:00,2.8590011596679688,4.511080265045166,18.85512924194336,0.0012697842301783169,-0.15981547970416177,HKWA,4007,0.05,FEW-LONG,1,14,144,1,1
1.2655790533259434,1.2998578410488488,1.2686219137315893,1.3144465716062759,1.027085457548322,1.0361216035910144,-2.7085457548321923,-3.612160359101435,0.03427878772290538,0.04582465787468659,920,950,2802,11.488528260869565,2.9746720848262926,0.9209922580253799,2024-01-08 03:10:00,2024-01-15 22:50:00,2.963040828704834,4.503826141357422,18.75297737121582,0.011545870151781212,-0.9036146042692428,HKWA,4007,0.05,FEW-LONG,3,0,144,1,1
1.2117481048325256,1.2724940001448677,1.1964703220635886,1.2426570455579626,1.0501307945686762,1.038602481518066,-5.01307945686762,-3.860248151806589,0.06074589531234209,0.04618672349437403,920,950,2802,10.51768695652174,2.8468536778122875,0.876377805374532,2024-01-09 13:40:00,2024-01-15 22:50:00,2.8991682529449463,4.720864295959473,18.839859008789062,-0.014559171817968064,1.1528313050610306,HKWA,4007,0.05,FEW-LONG,3,1,144,1,1
1.275551273405721,1.3153349332907154,1.227268972363563,1.2664680492591958,1.031189385103095,1.031940086304097,-3.11893851030951,-3.194008630409706,0.03978365988499433,0.039199076895632734,920,950,2802,11.18912391304348,3.070650822155147,0.9311664753676824,2024-01-08 03:10:00,2024-01-15 22:50:00,3.0920259952545166,4.503826141357422,18.75297737121582,-0.0005845829893615928,-0.07507012010019576,HKWA,4007,0.05,FEW-LONG,3,2,144,1,1
1.2693405327348048,1.312340879716046,1.2203730309773493,1.2524231800823986,1.0338761316386837,1.0262625838915675,-3.387613163868375,-2.626258389156755,0.04300034698124122,0.03205014910504933,920,950,2802,10.768008695652172,3.114147908080579,0.9129788295793005,2024-01-08 03:10:00,2024-01-15 22:50:00,3.1703479290008545,4.503826141357422,18.75297737121582,-0.010950197876191892,0.76135477471162,HKWA,4007,0.05,FEW-LONG,3,3,144,1,1
1.2117481048325256,1.2919861994044795,1.1964703220635886,1.2690266966970518,1.0662168104509175,1.060642017854921,-6.621681045091754,-6.064201785492096,0.08023809457195386,0.0725563746334632,920,950,2802,10.51768695652174,2.8468536778122875,0.876377805374532,2024-01-09 13:40:00,2024-01-15 22:50:00,2.968764066696167,4.899388313293457,18.77396011352539,-0.00768171993849065,0.557479259599658,HKWA,4007,0.05,FEW-LONG,3,4,144,1,1
1.2117481048325256,1.2833907190219684,1.1964703220635886,1.2693956829433333,1.0591233556741106,1.0609504135079324,-5.9123355674110645,-6.09504135079324,0.07164261418944284,0.07292536087974466,920,950,2802,10.51768695652174,2.8468536778122875,0.876377805374532,2024-01-09 13:40:00,2024-01-15 22:50:00,2.9394371509552,4.609096527099609,18.694026947021484,0.001282746690301817,-0.18270578338217547,HKWA,4007,0.05,FEW-LONG,3,5,144,1,1
1.2117481048325256,1.2518955961124392,1.1964703220635886,1.2448261730221322,1.0331318787459234,1.0404154203132616,-3.313187874592338,-4.041542031326162,0.04014749127991357,0.048355850958543556,920,950,2802,10.51768695652174,2.8468536778122875,0.876377805374532,2024-01-09 13:40:00,2024-01-15 22:50:00,2.886561155319214,4.449985027313232,18.19452667236328,0.008208359678629984,-0.7283541567338236,HKWA,4007,0.05,FEW-LONG,3,6,144,1,1
1.2295332407939978,1.2706364950672937,1.1836896810619884,1.2177136446078718,1.0334299658679846,1.0287439893159815,-3.3429965867984635,-2.8743989315981544,0.041103254273295864,0.03402396354588344,920,950,2802,11.807879347826086,2.714780900681291,0.860880770640054,2024-01-08 03:10:00,2024-01-15 22:50:00,2.790841579437256,4.904919624328613,18.75297737121582,-0.007079290727412424,0.46859765520030905,HKWA,4007,0.05,FEW-LONG,3,7,144,1,1
1.2117481048325256,1.2903628486247534,1.1964703220635886,1.2645707298859705,1.0648771336870322,1.0569177576464472,-6.4877133687032185,-5.691775764644724,0.07861474379222777,0.06810040782238191,920,950,2802,10.51768695652174,2.8468536778122875,0.876377805374532,2024-01-09 13:40:00,2024-01-15 22:50:00,2.962959051132202,4.821892261505127,18.679006576538086,-0.010514335969845856,0.7959376040584942,HKWA,4007,0.05,FEW-LONG,3,8,144,1,1
1.2117481048325256,1.2542974000643063,1.1964703220635886,1.2470839099722744,1.0351139771228786,1.0423024181840055,-3.511397712287856,-4.230241818400549,0.04254929523178075,0.05061358790868575,920,950,2802,10.51768695652174,2.8468536778122875,0.876377805374532,2024-01-09 13:40:00,2024-01-15 22:50:00,2.8619422912597656,5.0373640060424805,18.46052360534668,0.008064292676905005,-0.7188441061126927,HKWA,4007,0.05,FEW-LONG,3,9,144,1,1
1.2123672504649736,1.2619766870669153,1.1964703220635886,1.24294343763626,1.0409194792938488,1.0388418456485555,-4.091947929384876,-3.884184564855553,0.049609436601941725,0.04647311557267142,920,950,2802,10.519277173913045,2.848531971705214,0.8785309304220897,2024-01-08 03:10:00,2024-01-15 22:50:00,2.9347152709960938,4.503826141357422,18.75297737121582,-0.003136321029270306,0.2077633645293231,HKWA,4007,0.05,FEW-LONG,3,10,144,1,1
1.2117481048325256,1.2591705632197354,1.1964703220635886,1.2463081085998486,1.039135574628164,1.0416540098130502,-3.9135574628164083,-4.165400981305023,0.04742245838720982,0.04983778653626003,920,950,2802,10.51768695652174,2.8468536778122875,0.876377805374532,2024-01-09 13:40:00,2024-01-15 22:50:00,2.940617561340332,5.013222694396973,18.48410415649414,0.002415328149050211,-0.25184351848861475,HKWA,4007,0.05,FEW-LONG,3,11,144,1,1
1.2117481048325256,1.240100808442503,1.1964703220635886,1.2414076793883944,1.0233981827550669,1.0375582716061866,-2.3398182755066887,-3.7558271606186633,0.028352703609977326,0.04493735732480575,920,950,2802,10.51768695652174,2.8468536778122875,0.876377805374532,2024-01-09 13:40:00,2024-01-15 22:50:00,2.8902788162231445,3.9614057540893555,18.88348960876465,0.016584653714828423,-1.4160088851119745,HKWA,4007,0.05,FEW-LONG,3,12,144,1,1
1.2327121027477865,1.2655758329578546,1.2012200131532942,1.2411775758220067,1.026659696239546,1.0332641499735098,-2.6659696239546005,-3.3264149973509793,0.032863730210068054,0.03995756266871253,920,950,2802,11.670844565217394,2.9432343808139447,0.8542589872242847,2024-01-08 03:10:00,2024-01-15 22:50:00,2.9408819675445557,4.503826141357422,18.75297737121582,0.007093832458644478,-0.6604453733963789,HKWA,4007,0.05,FEW-LONG,3,13,144,1,1
1.2117481048325256,1.2454582669279537,1.1964703220635886,1.253784065304232,1.0278194469304223,1.0479023525980926,-2.7819446930422265,-4.790235259809261,0.0337101620954281,0.05731374324064342,920,950,2802,10.51768695652174,2.8468536778122875,0.876377805374532,2024-01-09 13:40:00,2024-01-15 22:50:00,2.905892848968506,4.956376552581787,18.498764038085938,0.023603581145215324,-2.0082905667670348,HKWA,4007,0.05,FEW-LONG,3,14,144,1,1
1.5555122294770398,1.5140999982684031,0.8792475073924968,0.8898366727088163,0.9733771098523865,1.0120434408142058,2.6622890147613543,-1.204344081420583,-0.041412231208636685,0.010589165316319482,152,887,495,14.230203947368421,2.146953169576095,1.559814906100095,2024-01-14 22:00:00,2024-01-15 23:10:00,1.8698432445526123,10.000508308410645,18.36323356628418,0.05200139652495617,-3.8666330961819373,HKWA,4007,0.1,MANY-SHORT,1,8,3,133,133
0.9988787615313987,1.0533351293007909,0.8781754856283329,0.9106976977243483,1.0545174948818656,1.0370338419009109,-5.451749488186564,-3.7033841900910858,0.05445636776939222,0.03252221209601536,587,888,1799,11.716,2.6447634114520273,1.0455898859790733,2024-01-09 03:40:00,2024-01-15 23:10:00,2.623671293258667,4.738768577575684,18.333412170410156,-0.021934155673376865,1.7483652980954778,HKWA,4007,0.1,MEDIUM,1,0,18,22,22
1.0200135844283156,1.0463182325553517,0.8926577616894978,0.923366741090347,1.0257885272594474,1.0344017390749256,-2.578852725944736,-3.440173907492561,0.026304648127036145,0.030708979400849157,612,888,1873,10.780531045751633,3.2095080850075717,1.0582854680402025,2024-01-09 13:40:00,2024-01-15 23:10:00,3.1604342460632324,4.499501705169678,18.193389892578125,0.004404331273813011,-0.861321181547825,HKWA,4007,0.1,MEDIUM,1,1,18,22,22
0.9810599140591882,0.9924463496317005,0.8871644873994352,0.9119782335334766,1.011606259117652,1.0279697243143473,-1.1606259117652007,-2.79697243143473,0.011386435572512288,0.024813746134041414,573,888,1758,10.23283595113438,3.239984776476044,1.0403627577249246,2024-01-09 19:10:00,2024-01-15 23:10:00,3.293693780899048,4.56257438659668,19.286226272583008,0.013427310561529127,-1.6363465196695293,HKWA,4007,0.1,MEDIUM,1,2,18,22,22
1.0188264680570738,1.115429436544442,0.887744816506542,0.9191091181304823,1.0948178826484478,1.0353303123158357,-9.48178826484478,-3.533031231583572,0.09660296848736816,0.03136430162394033,586,888,1795,10.501877133105802,3.2145992523959204,1.0198925291114005,2024-01-10 21:20:00,2024-01-15 23:10:00,2.9603912830352783,5.150933742523193,18.6940975189209,-0.06523866686342783,5.9487570332612085,HKWA,4007,0.1,MEDIUM,1,3,18,22,22
0.9763986930208707,0.9843262746725256,0.8714398163978988,0.9138948253088826,1.0081192055134034,1.0487182340215664,-0.8119205513403394,-4.871823402156639,0.007927581651654969,0.04245500891098375,569,888,1746,11.423456942003515,3.268431303643169,0.9896386077079714,2024-01-08 22:00:00,2024-01-15 23:10:00,3.1683461666107178,4.602199077606201,18.83478546142578,0.03452742725932878,-4.059902850816299,HKWA,4007,0.1,MEDIUM,1,4,18,22,22
0.9805030469768516,1.0656766728462461,0.8640986711675428,0.9404768539749465,1.0868672730105298,1.08839058009915,-8.686727301052976,-8.839058009915002,0.08517362586939448,0.07637818280740372,573,888,1758,10.041349040139615,3.1258244801913144,0.9809221639408882,2024-01-10 22:50:00,2024-01-15 23:10:00,2.908474922180176,5.037679195404053,18.355506896972656,-0.00879544306199076,-0.15233070886202604,HKWA,4007,0.1,MEDIUM,1,5,18,22,22
0.9333586629692271,0.9409731365172542,0.8847774844965666,0.9070510487784643,1.008158143112749,1.02517419879256,-0.8158143112749094,-2.517419879256,0.007614473548027134,0.02227356428189775,607,888,1857,11.150489291598022,3.1692091446351207,0.9654738140965784,2024-01-09 13:30:00,2024-01-15 23:10:00,3.2303617000579834,4.006773948669434,19.049592971801758,0.014659090733870617,-1.7016055679810904,HKWA,4007,0.1,MEDIUM,1,6,18,22,22
1.0225336784180472,1.0801794937769784,0.8832581550534749,0.9010798383183797,1.0563754686770948,1.0201772077200078,-5.637546867709475,-2.017720772000775,0.05764581535893121,0.017821683264904742,583,888,1788,11.698401372212693,3.247321810369436,1.0707245747344118,2024-01-07 23:00:00,2024-01-15 23:10:00,3.0521881580352783,4.73086404800415,18.395151138305664,-0.039824132094026465,3.6198260957087003,HKWA,4007,0.1,MEDIUM,1,7,18,22,22
0.9696957785285453,1.1584439367288024,0.8976794978475646,0.9461336121684808,1.1946467772466445,1.053977075823942,-19.464677724664448,-5.397707582394196,0.18874815820025714,0.048454114320916175,587,888,1800,11.083892674616695,3.0583377242941494,0.9997140610964894,2024-01-09 04:10:00,2024-01-15 23:10:00,2.741720199584961,5.001265048980713,18.5329647064209,-0.14029404387934097,14.066970142270252,HKWA,4007,0.1,MEDIUM,1,8,18,22,22
0.9794639542034677,1.0264328692461153,0.8797075233147529,0.8870369177822511,1.0479536943050083,1.0083316264477096,-4.795369430500829,-0.8331626447709573,0.04696891504264766,0.007329394467498251,596,888,1827,12.001058724832214,2.607045744065889,1.0469774139602261,2024-01-07 04:10:00,2024-01-15 23:10:00,2.6141715049743652,5.710890769958496,19.27501678466797,-0.03963952057514941,3.9622067857298715,HKWA,4007,0.1,MEDIUM,1,9,18,22,22
1.023572185284162,1.096528334947384,0.8853100382005947,0.9073159589108682,1.07127601815691,1.0248567391769339,-7.127601815691009,-2.4856739176933873,0.07295614966322206,0.02200592071027352,595,888,1824,10.568840336134455,3.103236347474836,1.0957204904871323,2024-01-09 23:30:00,2024-01-15 23:10:00,2.906914472579956,5.441294193267822,18.752914428710938,-0.05095022895294854,4.641927897997622,HKWA,4007,0.1,MEDIUM,1,10,18,22,22
0.9728802868048404,0.9867224137317738,0.8851104877078625,0.9011555837015038,1.0142279858217644,1.0181277888088218,-1.4227985821764433,-1.812778880882182,0.013842126926933429,0.016045095993641345,591,888,1809,11.387896785109982,2.789609049231293,1.001202358134135,2024-01-09 04:10:00,2024-01-15 23:10:00,2.781680107116699,5.528604030609131,18.64011001586914,0.002202969066707916,-0.3899802987057388,HKWA,4007,0.1,MEDIUM,1,11,18,22,22
0.9947486071995395,1.1086429614356432,0.8753765077984474,0.90751429722785,1.1144956156880121,1.0367131047533231,-11.449561568801215,-3.6713104753323123,0.11389435423610372,0.0321377894294026,590,888,1806,11.235683050847458,3.0695155654146626,1.0075385111542772,2024-01-09 16:20:00,2024-01-15 23:10:00,2.8389089107513428,5.777523994445801,18.80069923400879,-0.08175656480670113,7.778251093468903,HKWA,4007,0.1,MEDIUM,1,12,18,22,22
0.9627979027617892,1.0372756775815917,0.9226428775558312,0.9447542107511298,1.0773555640349473,1.0239652131211088,-7.7355564034947255,-2.3965213121108775,0.07447777481980244,0.022111333195298566,640,888,1957,12.7595203125,2.664992664663902,1.0044870825743994,2024-01-07 01:50:00,2024-01-15 23:10:00,2.6410810947418213,4.483468055725098,18.681184768676758,-0.05236644162450388,5.339035091383848,HKWA,4007,0.1,MEDIUM,1,13,18,22,22
1.0139629735669373,1.1108946809984828,0.8901466911452048,0.9349430133242663,1.0955968905753604,1.050324651683454,-9.559689057536037,-5.03246516834539,0.09693170743154544,0.04479632217906149,612,888,1875,10.98193954248366,2.9349642209694875,1.0415927480382388,2024-01-09 09:10:00,2024-01-15 23:10:00,2.7636120319366455,4.856226444244385,18.880998611450195,-0.05213538525248396,4.527223889190647,HKWA,4007,0.1,MEDIUM,1,14,18,22,22
1.413331539871114,1.465963630119235,1.2468957694017464,1.3027533214624891,1.0372397337520116,1.0447972905446161,-3.7239733752011617,-4.479729054461612,0.05263209024812099,0.05585755206074272,577,887,1774,11.764767764298092,2.62537059095043,1.0330481650231005,2024-01-09 03:30:00,2024-01-15 22:50:00,2.5164544582366943,5.368671417236328,18.128463745117188,0.0032254618126217327,-0.7557556792604503,HKWA,4007,0.1,MEDIUM,3,0,18,22,22
1.4217587080514984,1.4706852854271675,1.2374675370686539,1.2887586682138514,1.034412715110233,1.0414484660071952,-3.4412715110232917,-4.144846600719521,0.04892657737566908,0.051291131145197566,602,887,1851,10.780441860465116,3.21939259104224,1.0609748150282112,2024-01-09 14:00:00,2024-01-15 22:50:00,3.1458096504211426,5.093891620635986,17.659818649291992,0.002364553769528488,-0.703575089696229,HKWA,4007,0.1,MEDIUM,3,1,18,22,22
1.3849762443843203,1.406112612048604,1.2359397225371505,1.2678530671607244,1.0152611770418343,1.0258211173584275,-1.5261177041834273,-2.5821117358427514,0.02113636766428373,0.03191334462357398,562,887,1731,10.211466192170818,3.2404233329876684,1.0373200116034755,2024-01-09 19:20:00,2024-01-15 22:50:00,3.379814863204956,4.9549970626831055,18.721904754638672,0.010776976959290252,-1.0559940316593242,HKWA,4007,0.1,MEDIUM,3,2,18,22,22
1.4470048327877523,1.6742467920077948,1.2373984724844609,1.3055812699072447,1.1570429856700932,1.0551017307188733,-15.704298567009323,-5.510173071887325,0.22724195922004253,0.06818279742278377,576,887,1771,10.562385416666665,3.20739006600098,1.027709624220621,2024-01-10 22:20:00,2024-01-15 22:50:00,2.6720693111419678,6.9252729415893555,18.297134399414062,-0.15905916179725876,10.194125495121998,HKWA,4007,0.1,MEDIUM,3,3,18,22,22
1.4269481011979885,1.4809855240599457,1.2432519555698212,1.2904283280183328,1.0378692279113657,1.0379459467062646,-3.786922791136571,-3.794594670626461,0.05403742286195712,0.047176372448511694,558,887,1719,11.423817204301075,3.2790651498419963,0.995098160936697,2024-01-08 22:10:00,2024-01-15 22:50:00,2.923729419708252,5.291611671447754,18.287134170532227,-0.006861050413445424,-0.00767187948989001,HKWA,4007,0.1,MEDIUM,3,4,18,22,22
1.3348232911035334,1.4432228966659362,1.1971154390013428,1.272262906781922,1.0812089557358457,1.0627737854949635,-8.120895573584574,-6.2773785494963485,0.1083996055624028,0.07514746778057924,563,887,1733,10.091111900532859,3.114934369741678,0.9806098380536769,2024-01-10 23:50:00,2024-01-15 22:50:00,2.8724143505096436,5.637409687042236,18.062992095947266,-0.033252137781823565,1.843517024088226,HKWA,4007,0.1,MEDIUM,3,5,18,22,22
1.3168333367783946,1.3414009590155551,1.2466126192799085,1.2843708947099055,1.01865659195511,1.030288699830271,-1.8656591955110047,-3.0288699830270938,0.02456762223716047,0.03775827542999699,597,887,1835,11.157649916247907,3.181759539187957,0.9710618393434152,2024-01-09 13:30:00,2024-01-15 22:50:00,3.305856704711914,4.043188571929932,18.595237731933594,0.013190653192836521,-1.163210787516089,HKWA,4007,0.1,MEDIUM,3,6,18,22,22
1.4877915523741494,1.6255505720929984,1.249147759530843,1.2981056795113086,1.0925929573259234,1.03919305751215,-9.259295732592342,-3.9193057512149965,0.13775901971884896,0.048957919980465725,573,887,1762,11.741794066317626,3.241576693825756,1.0929931150591043,2024-01-07 22:40:00,2024-01-15 22:50:00,2.875277519226074,5.607451438903809,18.396331787109375,-0.08880109973838324,5.339989981377346,HKWA,4007,0.1,MEDIUM,3,7,18,22,22
1.359553301091771,1.6148896380723896,1.248040255869407,1.3605358054636956,1.187808993421276,1.0901377572279687,-18.78089934212761,-9.013775722796868,0.25533633698061853,0.11249554959428854,577,887,1774,11.056662045060659,3.0738167849685225,1.005802845776088,2024-01-09 17:40:00,2024-01-15 22:50:00,2.56300950050354,6.026338577270508,18.423776626586914,-0.14284078738633,9.767123619330743,HKWA,4007,0.1,MEDIUM,3,8,18,22,22
1.3894590465283683,1.5214543505495464,1.233978456412689,1.2659601277825698,1.094997621089283,1.0259175281413382,-9.499762108928289,-2.5917528141338186,0.1319953040211781,0.03198167136988084,586,887,1803,12.018861774744027,2.613404758760535,1.0398591560535364,2024-01-07 03:30:00,2024-01-15 22:50:00,2.7080986499786377,6.488081455230713,18.34917449951172,-0.10001363265129726,6.9080092947944705,HKWA,4007,0.1,MEDIUM,3,9,18,22,22
1.436325448800443,1.535350433042366,1.2266448625988893,1.2787538094633955,1.0689432776705476,1.042480874826397,-6.894327767054764,-4.248087482639695,0.09902498424192285,0.05210894686450618,585,887,1800,10.558389743589744,3.1148585560452515,1.1083570661956579,2024-01-10 00:10:00,2024-01-15 22:50:00,2.767914056777954,6.177002429962158,18.061758041381836,-0.046916037377416675,2.646240284415069,HKWA,4007,0.1,MEDIUM,3,10,18,22,22
1.369297128641561,1.3848690679833635,1.2326113708025708,1.2801822891000094,1.0113722135364813,1.0385936065691692,-1.1372213536481324,-3.8593606569169214,0.015571939341802565,0.04757091829743865,581,887,1785,11.386537005163511,2.804685866497738,1.0199358234616434,2024-01-09 04:10:00,2024-01-15 22:50:00,2.694438934326172,6.2345075607299805,18.477197647094727,0.03199897895563608,-2.722139303268789,HKWA,4007,0.1,MEDIUM,3,11,18,22,22
1.4056637452701264,1.6237997417850651,1.2281932509915878,1.2933111858696251,1.1551836257063168,1.0530192905924731,-15.518362570631684,-5.301929059247312,0.21813599651493876,0.0651179348780373,579,887,1781,11.249195164075992,3.078810011394551,1.0112113237259295,2024-01-09 16:30:00,2024-01-15 22:50:00,2.6620185375213623,7.45575475692749,18.45318031311035,-0.15301806163690146,10.216433511384372,HKWA,4007,0.1,MEDIUM,3,12,18,22,22
1.3702600647351302,1.5157527885589825,1.3002869035590108,1.330727851128917,1.1061789127248454,1.0234109468353378,-10.617891272484536,-2.3410946835337842,0.14549272382385237,0.03044094756990612,631,887,1938,12.803343898573692,2.645659690642578,0.989427696825876,2024-01-07 01:40:00,2024-01-15 22:50:00,2.655076265335083,4.0436482429504395,18.398311614990234,-0.11505177625394625,8.276796588950752,HKWA,4007,0.1,MEDIUM,3,13,18,22,22
1.4106434643155767,1.659874470022256,1.232923571082481,1.352800049425859,1.1766789497214327,1.097229448081789,-17.667894972143273,-9.722944808178902,0.24923100570667933,0.11987647834337789,603,887,1852,10.994805970149255,2.9362008751561666,1.0519612806713043,2024-01-09 09:00:00,2024-01-15 22:50:00,2.543009042739868,6.336488723754883,19.110456466674805,-0.12935452736330144,7.944950163964371,HKWA,4007,0.1,MEDIUM,3,14,18,22,22
0.903549634826288,0.9198174654505513,0.9106296506570262,0.9378219352798838,1.018004357477706,1.0298609699379304,-1.8004357477706012,-2.9860969937930415,0.01626783062426329,0.02719228462285761,871,915,2652,11.390678530424799,3.0089720208503214,0.9302008846721732,2024-01-08 12:00:00,2024-01-15 23:10:00,2.9825918674468994,4.068506717681885,18.79545021057129,0.010924453998594319,-1.1856612460224403,HKWA,4007,0.1,FEW-LONG,1,0,144,2,2
0.8963612978866412,0.9177910789248843,0.878009796178717,0.9034174994702597,1.0239075260040436,1.0289378357760044,-2.3907526004043556,-2.8937835776004395,0.021429781038243112,0.025407703291542738,871,915,2652,10.345540757749713,2.825818315240707,0.8968392997557986,2024-01-09 22:10:00,2024-01-15 23:10:00,2.843219518661499,4.108541965484619,18.682086944580078,0.003977922253299626,-0.5030309771960839,HKWA,4007,0.1,FEW-LONG,1,1,144,2,2
0.9073606651043702,0.9220558987329543,0.892737862870887,0.9215596243250959,1.0161955815297479,1.0322846858556254,-1.6195581529747871,-3.2284685855625384,0.014695233628584159,0.028821761454208894,871,915,2652,11.076893226176809,3.0949992276846503,0.9336360133291365,2024-01-08 12:00:00,2024-01-15 23:10:00,3.0642623901367188,4.469375133514404,18.672685623168945,0.014126527825624735,-1.6089104325877512,HKWA,4007,0.1,FEW-LONG,1,2,144,2,2
0.9044685184149164,0.9222006619445108,0.8870718750334776,0.9128513942286524,1.0196050422635716,1.0290613646094933,-1.9605042263571626,-2.9061364609493268,0.017732143529594402,0.025779519195174738,871,915,2652,10.639754305396098,3.1193438621318577,0.9151929792634826,2024-01-08 12:00:00,2024-01-15 23:10:00,3.113713502883911,4.258190155029297,18.886249542236328,0.008047375665580336,-0.9456322345921642,HKWA,4007,0.1,FEW-LONG,1,3,144,2,2
0.8598408558328436,0.8931620526547519,0.8495925529398953,0.8652044463281234,1.0387527489486799,1.0183757418002375,-3.875274894867986,-1.8375741800237488,0.03332119682190826,0.015611893388228104,871,915,2652,11.753154994259473,2.7279349591410695,0.8614765236426483,2024-01-08 12:00:00,2024-01-15 23:10:00,2.736384868621826,5.486421585083008,18.618528366088867,-0.017709303433680157,2.037700714844237,HKWA,4007,0.1,FEW-LONG,1,4,144,2,2
0.9010650745960117,0.9307754591292257,0.8821413142805724,0.9105788981969312,1.0329725181575087,1.0322369936154174,-3.297251815750868,-3.223699361541743,0.02971038453321395,0.028437583916358755,871,915,2652,10.542312284730194,3.0385773423231512,0.9075645055983101,2024-01-08 12:00:00,2024-01-15 23:10:00,3.03695011138916,4.35492467880249,18.698156356811523,-0.0012728006168551964,0.07355245420912482,HKWA,4007,0.1,FEW-LONG,1,5,144,2,2
0.8963612978866412,0.907332730266331,0.878009796178717,0.885559975236172,1.0122399666357274,1.008599196831647,-1.223996663572735,-0.8599196831647005,0.010971432379689783,0.007550179057455031,871,915,2652,10.345540757749713,2.825818315240707,0.8968392997557986,2024-01-09 22:10:00,2024-01-15 23:10:00,2.7941431999206543,4.316615104675293,18.329992294311523,-0.003421253322234752,0.3640769804080346,HKWA,4007,0.1,FEW-LONG,1,6,144,2,2
0.8592336691947315,0.8849328164348472,0.8465251105794382,0.8671344115411476,1.0299093810699955,1.024345764471892,-2.990938106999552,-2.4345764471892073,0.025699147240115683,0.02060930096170932,871,915,2652,11.739400688863375,2.7363046018109176,0.8608955392630714,2024-01-08 12:00:00,2024-01-15 23:10:00,2.6846134662628174,5.804325580596924,18.880550384521484,-0.0050898462784063625,0.5563616598103449,HKWA,4007,0.1,FEW-LONG,1,7,144,2,2
0.8963612978866412,0.9265768176412631,0.878009796178717,0.9086348988963908,1.0337090856397542,1.0348801378423802,-3.3709085639754166,-3.48801378423802,0.03021551975462189,0.030625102717673824,871,915,2652,10.345540757749713,2.825818315240707,0.8968392997557986,2024-01-09 22:10:00,2024-01-15 23:10:00,2.852938652038574,4.0919623374938965,18.76665496826172,0.0004095829630519354,-0.11710522026260328,HKWA,4007,0.1,FEW-LONG,1,8,144,2,2
0.8835056172204909,0.8934745381403153,0.8873910221708963,0.9186793056375715,1.0112833701625878,1.0352587333936871,-1.1283370162587847,-3.5258733393687125,0.009968920919824376,0.031288283466675226,871,915,2652,11.558326061997704,2.9440965335481186,0.88622208153426,2024-01-08 12:00:00,2024-01-15 23:10:00,2.895038366317749,4.256170749664307,18.72833824157715,0.02131936254685085,-2.397536323109928,HKWA,4007,0.1,FEW-LONG,1,9,144,2,2
0.8715673405778137,0.9017445685342965,0.855797379113982,0.8706856004055117,1.0346240921974847,1.017396899844381,-3.4624092197484746,-1.7396899844380975,0.03017722795648281,0.014888221291529669,871,915,2652,11.318671641791045,2.703766607331809,0.8871448597785315,2024-01-07 01:50:00,2024-01-15 23:10:00,2.7251248359680176,5.486421585083008,18.618528366088867,-0.015289006664953142,1.722719235310377,HKWA,4007,0.1,FEW-LONG,1,10,144,2,2
0.8992718306985629,0.9187996518236802,0.8796812574757394,0.8994660204422524,1.0217151482549474,1.0224908315351469,-2.171514825494736,-2.249083153514686,0.019527821125117306,0.019784762966512992,871,915,2652,10.432002296211254,2.9219167780515667,0.9119420925134265,2024-01-08 12:00:00,2024-01-15 23:10:00,2.915188789367676,4.282083511352539,18.66766929626465,0.0002569418413956859,-0.07756832801995017,HKWA,4007,0.1,FEW-LONG,1,11,144,2,2
0.8963612978866412,0.946115543898714,0.878009796178717,0.8967194216150367,1.0555069101369936,1.0213091306244508,-5.55069101369936,-2.1309130624450834,0.04975424601207279,0.01870962543631971,871,915,2652,10.345540757749713,2.825818315240707,0.8968392997557986,2024-01-09 22:10:00,2024-01-15 23:10:00,2.9303624629974365,4.764543533325195,18.544918060302734,-0.03104462057575308,3.419777951254277,HKWA,4007,0.1,FEW-LONG,1,12,144,2,2
0.8903421735451551,0.9312974167460212,0.8886509835091633,0.9132316278551365,1.0459994420322594,1.0276606280779745,-4.599944203225936,-2.7660628077974536,0.040955243200866076,0.02458064434597318,871,915,2652,11.64575086107922,3.0678230558295376,0.8933896499284546,2024-01-07 01:50:00,2024-01-15 23:10:00,3.0423455238342285,4.387134552001953,18.618528366088867,-0.016374598854892897,1.8338813954284827,HKWA,4007,0.1,FEW-LONG,1,13,144,2,2
0.9063834716629537,0.9289994789556855,0.8873930025550159,0.9123397225359393,1.0249519193584122,1.028112369501558,-2.4951919358412233,-2.8112369501557932,0.02261600729273172,0.02494671998092346,871,915,2652,10.905128587830081,3.1598060124441227,0.9351995672969913,2024-01-08 12:00:00,2024-01-15 23:10:00,3.1369450092315674,4.32290506362915,18.77130889892578,0.0023307126881917384,-0.3160450143145699,HKWA,4007,0.1,FEW-LONG,1,14,144,2,2
1.2502399986192512,1.2908301235492172,1.278481511766978,1.3355071336705913,1.0324658665334603,1.0446041818976315,-3.2465866533460286,-4.460418189763149,0.040590124929966054,0.057025621903613155,868,914,2647,11.39711405529954,3.001043157290855,0.9243369226129269,2024-01-08 11:50:00,2024-01-15 22:50:00,3.02402925491333,3.8411617279052734,18.700942993164062,0.0164354969736471,-1.2138315364171204,HKWA,4007,0.1,FEW-LONG,3,0,144,2,2
1.242650762302382,1.2984515442842783,1.2152058384320326,1.2592653942626912,1.0449046374691058,1.0362568664807505,-4.490463746910578,-3.625686648075055,0.05580078198189642,0.04405955583065868,868,914,2647,10.337273041474655,2.8271607596956065,0.8981181845497435,2024-01-09 22:20:00,2024-01-15 22:50:00,2.8749659061431885,5.013175010681152,18.769439697265625,-0.011741226151237738,0.864777098835523,HKWA,4007,0.1,FEW-LONG,3,1,144,2,2
1.2609357129210892,1.2949279147539627,1.235814422416278,1.3047951448653305,1.026957918222593,1.055818026718106,-2.695791822259297,-5.5818026718106095,0.03399220183287355,0.06898072244905262,868,914,2647,11.079773041474654,3.091525734810684,0.9350792657531268,2024-01-08 11:50:00,2024-01-15 22:50:00,3.0813164710998535,4.951223850250244,18.59012794494629,0.034988520616179075,-2.8860108495513126,HKWA,4007,0.1,FEW-LONG,3,2,144,2,2
1.25427521941433,1.2576601279277426,1.2286959267960336,1.2533271342888037,1.0026986967939884,1.0200466258214096,-0.26986967939883755,-2.004662582140959,0.0033849085134125545,0.024631207492770146,868,914,2647,10.633429723502303,3.1199025760063233,0.9158716644132442,2024-01-08 11:50:00,2024-01-15 22:50:00,3.176348924636841,4.83508825302124,18.503206253051758,0.021246298979357592,-1.7347929027421216,HKWA,4007,0.1,FEW-LONG,3,3,144,2,2
1.2123994551879724,1.2927330281591434,1.1915892170309448,1.2512807518486713,1.0662599876859198,1.0500940541963433,-6.625998768591979,-5.009405419634327,0.08033357297117094,0.05969153481772649,868,914,2647,11.751516129032257,2.7285567349297755,0.8658151529898446,2024-01-08 11:50:00,2024-01-15 22:50:00,2.8837897777557373,5.334021091461182,18.726516723632812,-0.020642038153444453,1.6165933489576512,HKWA,4007,0.1,FEW-LONG,3,4,144,2,2
1.2505282335490173,1.3080828416818469,1.2199843714248095,1.2829682797480164,1.0460242372693087,1.0516268157186706,-4.602423726930871,-5.162681571867056,0.05755460813282953,0.06298390832320688,868,914,2647,10.53322811059908,3.0380092592066705,0.9085935677208432,2024-01-08 11:50:00,2024-01-15 22:50:00,3.1183643341064453,4.521336078643799,18.636592864990234,0.005429300190377351,-0.560257844936185,HKWA,4007,0.1,FEW-LONG,3,5,144,2,2
1.242650762302382,1.2560681846038602,1.2152058384320326,1.2353470575676166,1.0107974200865724,1.0165743271621968,-1.0797420086572362,-1.6574327162196756,0.013417422301478243,0.020141219135584087,868,914,2647,10.337273041474655,2.8271607596956065,0.8981181845497435,2024-01-09 22:20:00,2024-01-15 22:50:00,2.839010238647461,4.547574520111084,18.028074264526367,0.006723796834105844,-0.5776907075624393,HKWA,4007,0.1,FEW-LONG,3,6,144,2,2
1.211517103633421,1.2559425655826308,1.1908111002952706,1.22479887270303,1.0366692816931555,1.0285416993504106,-3.666928169315553,-2.854169935041062,0.04442546194920993,0.0339877724077593,868,914,2647,11.735596774193548,2.737598920391679,0.8607342894171414,2024-01-08 11:50:00,2024-01-15 22:50:00,2.697796106338501,5.723629474639893,18.44984245300293,-0.010437689541450634,0.812758234274491,HKWA,4007,0.1,FEW-LONG,3,7,144,2,2
1.242650762302382,1.2889589745109853,1.2152058384320326,1.2823202333976702,1.0372656691754678,1.055228828600951,-3.726566917546781,-5.522882860095102,0.04630821220860337,0.06711439496563765,868,914,2647,10.337273041474655,2.8271607596956065,0.8981181845497435,2024-01-09 22:20:00,2024-01-15 22:50:00,2.9127554893493652,4.396931171417236,18.771318435668945,0.020806182757034275,-1.796315942548321,HKWA,4007,0.1,FEW-LONG,3,8,144,2,2
1.2360960699879402,1.274544287764047,1.2300498735685814,1.2682579687456612,1.0311045546617439,1.0310622325143872,-3.110455466174389,-3.1062232514387222,0.03844821777610674,0.03820809517707979,868,914,2647,11.559035714285715,2.9435106574734826,0.887478340766165,2024-01-08 11:50:00,2024-01-15 22:50:00,2.876253604888916,5.201398849487305,18.701820373535156,-0.00024012259902694844,0.004232214735666595,HKWA,4007,0.1,FEW-LONG,3,9,144,2,2
1.220802210850895,1.3044185426956012,1.193752309562764,1.239677049324611,1.0684929393979603,1.03847091175779,-6.849293939796031,-3.847091175778994,0.0836163318447063,0.04592473976184697,868,914,2647,11.31219470046083,2.705961899575358,0.8820216377178655,2024-01-07 01:20:00,2024-01-15 22:50:00,2.865344762802124,5.334021091461182,18.726516723632812,-0.037691592082859326,3.002202764017037,HKWA,4007,0.1,FEW-LONG,3,10,144,2,2
1.2495252384120024,1.284604517012407,1.2171428214069238,1.2594380617129852,1.0280740856783224,1.0347496116003638,-2.807408567832237,-3.474961160036383,0.035079278600404606,0.042295240306061466,868,914,2647,10.423650921658986,2.9210296073223887,0.9144409900918743,2024-01-08 11:50:00,2024-01-15 22:50:00,2.994309663772583,4.834839344024658,18.548585891723633,0.007215961705656859,-0.6675525922041459,HKWA,4007,0.1,FEW-LONG,3,11,144,2,2
1.242650762302382,1.324774999536216,1.2152058384320326,1.293527845418404,1.0660879466099342,1.064451638158215,-6.608794660993422,-6.445163815821497,0.082124237233834,0.07832200698637148,868,914,2647,10.337273041474655,2.8271607596956065,0.8981181845497435,2024-01-09 22:20:00,2024-01-15 22:50:00,2.82503604888916,5.07982063293457,18.444534301757812,-0.0038022302474625125,0.16363084517192483,HKWA,4007,0.1,FEW-LONG,3,12,144,2,2
1.2786834648284955,1.343496544778357,1.2627782588689946,1.299104451447191,1.0506873528379868,1.028766881535268,-5.068735283798675,-2.8766881535267963,0.06481307994986141,0.03632619257819636,868,914,2647,11.657404377880185,3.0680961104829416,0.8918961443256405,2024-01-07 01:20:00,2024-01-15 22:50:00,3.097982168197632,4.717361927032471,18.726516723632812,-0.02848688737166505,2.192047130271879,HKWA,4007,0.1,FEW-LONG,3,13,144,2,2
1.2602538137673724,1.2789278556749697,1.2354517109050107,1.2618951381434105,1.0148176833139457,1.0214038533477192,-1.4817683313945729,-2.1403853347719215,0.01867404190759725,0.026443427238399764,868,914,2647,10.909645161290323,3.1539950630843507,0.9415700630569653,2024-01-08 11:50:00,2024-01-15 22:50:00,3.1730573177337646,4.795989036560059,18.43451690673828,0.007769385330802514,-0.6586170033773486,HKWA,4007,0.1,FEW-LONG,3,14,144,2,2
1.1056630459218424,1.1384866858281046,0.9182663467917084,0.949988001439473,1.0296868381622502,1.0345451564881971,-2.968683816225015,-3.4545156488197115,0.03282363990626225,0.03172165464776466,367,789,1137,11.782008174386922,2.57552637458835,1.1598362461301164,2024-01-10 08:50:00,2024-01-15 23:10:00,2.4644174575805664,4.625866413116455,18.096210479736328,-0.0011019852584975842,-0.4858318325946964,HKWA,4007,0.2,MEDIUM,1,0,18,44,44
1.2108819617672621,1.2188564367134271,0.9289076785586234,0.9547947522043085,1.0065856749030486,1.027868295464899,-0.6585674903048622,-2.7868295464898996,0.007974474946164989,0.0258870736456851,375,789,1164,11.199573333333333,3.6047311281086634,1.215639514768442,2024-01-11 01:30:00,2024-01-15 23:10:00,3.511610507965088,4.694892883300781,18.568157196044922,0.01791259869952011,-2.1282620561850374,HKWA,4007,0.2,MEDIUM,1,1,18,44,44
1.1951488062118236,1.2148640395065204,0.9071996208615029,0.9579742770645425,1.0164960490210309,1.0559685597694835,-1.6496049021030856,-5.596855976948345,0.01971523329469682,0.05077465620303967,287,789,900,12.6928606271777,3.3188229119139367,1.3033005588238815,2024-01-08 19:30:00,2024-01-15 23:10:00,3.256558656692505,4.478343963623047,18.564302444458008,0.03105942290834285,-3.9472510748452594,HKWA,4007,0.2,MEDIUM,1,2,18,44,44
1.2675309958912921,1.3041984274031615,0.9246781593356386,0.979497238123261,1.0289282326276257,1.059284496161355,-2.892823262762567,-5.9284496161355005,0.03666743151186935,0.05481907878762238,321,789,1002,11.57922429906542,3.6659849444919073,1.303345346175174,2024-01-12 08:00:00,2024-01-15 23:10:00,3.4638988971710205,5.720890522003174,18.408472061157227,0.018151647275753025,-3.0356263533729333,HKWA,4007,0.2,MEDIUM,1,3,18,44,44
1.1600358707981668,1.2118449509853748,0.916582304217999,1.0422336398615868,1.0446616190855895,1.137086800678298,-4.466161908558952,-13.708680067829793,0.05180908018720798,0.12565133564358777,325,789,1013,12.626830769230768,2.5948674355897303,1.177163950450362,2024-01-10 02:20:00,2024-01-15 23:10:00,2.2677409648895264,7.23317813873291,18.022851943969727,0.07384225545637979,-9.24251815927084,HKWA,4007,0.2,MEDIUM,1,4,18,44,44
1.1051467555373755,1.1966836388034903,0.8885748925501264,0.9804848846522491,1.082827807987913,1.1034352792012272,-8.2827807987913,-10.34352792012272,0.09153688326611475,0.0919099921021227,353,789,1095,11.271946175637394,3.50967826664305,1.1318619709285143,2024-01-09 07:20:00,2024-01-15 23:10:00,3.238912343978882,4.529849529266357,17.954561233520508,0.0003731088360079404,-2.060747121331419,HKWA,4007,0.2,MEDIUM,1,5,18,44,44
1.1599421930068232,1.2003169513221272,0.924119438371014,0.9712712625673953,1.034807560720456,1.0510235173491187,-3.48075607204561,-5.10235173491187,0.040374758315304016,0.04715182419638131,349,789,1086,11.210618911174784,3.7641379756915807,1.1683242175443005,2024-01-10 01:40:00,2024-01-15 23:10:00,3.413078784942627,4.644710540771484,18.035104751586914,0.006777065881077293,-1.6215956628662598,HKWA,4007,0.2,MEDIUM,1,6,18,44,44
1.208202953057307,1.2616551955276432,0.9205571809765005,0.9635133297072862,1.0442411122527697,1.0466632053048774,-4.424111225276972,-4.666320530487744,0.05345224247033609,0.04295614873078568,322,789,1005,13.031723602484472,3.309893297524215,1.294253200842341,2024-01-08 05:10:00,2024-01-15 23:10:00,3.128232955932617,5.22445821762085,18.283184051513672,-0.010496093739550405,-0.2422093052107721,HKWA,4007,0.2,MEDIUM,1,7,18,44,44
1.160818649394301,1.2023856398921573,0.9391421624373101,0.9467951116763944,1.0358083413972936,1.0081488719654785,-3.580834139729361,-0.8148871965478532,0.04156699049785639,0.007652949239084328,348,789,1082,11.827977011494253,3.292725883914111,1.2421472348685345,2024-01-09 04:20:00,2024-01-15 23:10:00,3.2295172214508057,4.701606750488281,18.835914611816406,-0.033914041258772065,2.7659469431815076,HKWA,4007,0.2,MEDIUM,1,8,18,44,44
1.1560397204508657,1.1920663255929533,0.9183457961287931,0.9423642245324051,1.031163812544466,1.0261540135587919,-3.1163812544465985,-2.6154013558791878,0.036026605142087664,0.024018428403612013,346,789,1075,13.070656069364162,2.323276968646054,1.1905344663980038,2024-01-06 22:20:00,2024-01-15 23:10:00,2.393012762069702,7.872226715087891,18.723722457885742,-0.012008176738475651,0.5009798985674108,HKWA,4007,0.2,MEDIUM,1,9,18,44,44
1.2158216816548062,1.2677768674351801,0.9155640175408066,0.9438938371728036,1.0427325705441113,1.0309424781765566,-4.273257054411128,-3.09424781765566,0.05195518578037395,0.02832981963199699,354,789,1099,12.091384180790962,2.8740111361296448,1.267476185316995,2024-01-10 00:10:00,2024-01-15 23:10:00,2.8713321685791016,5.042307376861572,18.37959098815918,-0.02362536614837696,1.1790092367554683,HKWA,4007,0.2,MEDIUM,1,10,18,44,44
1.1685164290545573,1.2356839656000655,0.9366368685750868,0.9664931991457899,1.057481037386743,1.0318761000900207,-5.748103738674293,-3.187610009002073,0.06716753654550822,0.029856330570703138,338,789,1050,12.660245562130177,2.94565312606687,1.3411373311877524,2024-01-07 02:30:00,2024-01-15 23:10:00,2.9458584785461426,6.644495964050293,18.603906631469727,-0.037311205974805084,2.5604937296722197,HKWA,4007,0.2,MEDIUM,1,11,18,44,44
1.2033114273970589,1.3013953885604657,0.9065765231878868,0.9456369620781077,1.0815117009032125,1.0430856501256713,-8.151170090321248,-4.308565012567134,0.09808396116340679,0.03906043889022082,345,789,1071,12.41763768115942,2.7164609957054098,1.2276768591321388,2024-01-10 00:00:00,2024-01-15 23:10:00,2.541576862335205,7.2807512283325195,18.889278411865234,-0.05902352227318597,3.842605077754114,HKWA,4007,0.2,MEDIUM,1,12,18,44,44
1.1346767849259982,1.1854505518155207,0.9534479587997537,0.9695755463170144,1.0447473391225095,1.0169150160408993,-4.47473391225095,-1.691501604089929,0.05077376688952251,0.016127587517260622,352,789,1093,12.742698863636365,3.194961368773221,1.300240317813403,2024-01-07 15:50:00,2024-01-15 23:10:00,2.988887071609497,4.7167816162109375,18.10902976989746,-0.03464617937226189,2.783232308161021,HKWA,4007,0.2,MEDIUM,1,13,18,44,44
1.2044273135455115,1.2871988208011047,0.9259117474171442,0.9877504756689169,1.0687227085642355,1.0667868492048767,-6.872270856423546,-6.678684920487665,0.08277150725559324,0.06183872825177272,332,789,1033,12.157108433734939,2.9736728355386437,1.3235653420944449,2024-01-06 23:40:00,2024-01-15 23:10:00,2.9061686992645264,5.746941089630127,18.149003982543945,-0.020932779003820512,0.19358593593588047,HKWA,4007,0.2,MEDIUM,1,14,18,44,44
1.5482590367712439,1.5943944566865182,1.2983804339518659,1.3504098492503063,1.0297982565058916,1.0400725503387933,-2.979825650589163,-4.007255033879331,0.04613541991527437,0.05202941529844041,356,788,1110,11.834123595505618,2.5559950197337877,1.1500534025533158,2024-01-10 08:50:00,2024-01-15 22:50:00,2.1954808235168457,7.370419025421143,17.948017120361328,0.00589399538316604,-1.0274293832901682,HKWA,4007,0.2,MEDIUM,3,0,18,44,44
1.7250461038591287,1.730537081064546,1.2952435633211512,1.3226869000855983,1.003183090117495,1.0211877808480123,-0.3183090117494958,-2.1187780848012316,0.005490977205417247,0.0274433367644471,364,788,1137,11.284195054945055,3.6141754395100913,1.2353162921160878,2024-01-11 02:00:00,2024-01-15 22:50:00,3.478867292404175,4.988318920135498,18.045747756958008,0.021952359559029855,-1.8004690730517359,HKWA,4007,0.2,MEDIUM,3,1,18,44,44
1.75465513044917,1.7711515334717993,1.2890944560029192,1.3384201022171658,1.0094015073026952,1.0382637951660967,-0.9401507302695178,-3.826379516609668,0.016496403022629336,0.04932564621424662,276,788,871,12.784054347826087,3.2834120862611402,1.3566740287010972,2024-01-08 19:10:00,2024-01-15 22:50:00,2.7825634479522705,6.068719863891602,18.608999252319336,0.032829243191617286,-2.8862287863401503,HKWA,4007,0.2,MEDIUM,3,2,18,44,44
1.8293038701969895,1.799224617608522,1.290078192845233,1.3622934100777755,0.9835569950523155,1.0559773955044336,1.644300494768447,-5.597739550443359,-0.030079252588467442,0.07221521723254254,311,788,978,11.68834726688103,3.6695211347675043,1.326006331593329,2024-01-12 09:00:00,2024-01-15 22:50:00,3.353811740875244,6.417255401611328,17.558073043823242,0.10229446982100998,-7.242040045211806,HKWA,4007,0.2,MEDIUM,3,3,18,44,44
1.6877177774078056,1.6753775734206928,1.3107292807677446,1.48376801262587,0.9926882301340297,1.1320171406842838,0.7311769865970263,-13.201714068428384,-0.012340203987112774,0.17303873185812546,314,788,987,12.706500000000002,2.582398417669051,1.198480733969268,2024-01-10 03:10:00,2024-01-15 22:50:00,1.9796781539916992,8.589005470275879,18.691436767578125,0.18537893584523824,-13.93289105502541,HKWA,4007,0.2,MEDIUM,3,4,18,44,44
1.5849761184912798,1.7000092956528527,1.2515999714679928,1.315984154934777,1.072577230545954,1.051441502823996,-7.2577230545954,-5.144150282399607,0.11503317716157291,0.0643841834667842,341,788,1067,11.280982404692082,3.538012795239702,1.1694676781815811,2024-01-09 07:40:00,2024-01-15 22:50:00,2.919189929962158,5.713772773742676,18.236591339111328,-0.0506489936947887,2.113572772195793,HKWA,4007,0.2,MEDIUM,3,5,18,44,44
1.664731766690834,1.9407141201598572,1.307963521511231,1.3885031084521389,1.1657818748888436,1.0615763250399,-16.578187488884353,-6.157632503989996,0.27598235346902333,0.08053958694090779,338,788,1059,11.202600591715974,3.816061363321966,1.1822894903802015,2024-01-10 01:50:00,2024-01-15 22:50:00,2.890770196914673,5.100271701812744,18.93631935119629,-0.19544276652811554,10.420554984894357,HKWA,4007,0.2,MEDIUM,3,6,18,44,44
1.7892290534666684,1.8837083852147696,1.311444018517597,1.4120940106236972,1.0528044922840067,1.076747455998824,-5.280449228400674,-7.674745599882393,0.09447933174810119,0.10064999210610015,312,788,978,13.103750000000002,3.280857816855689,1.328683971438058,2024-01-08 05:10:00,2024-01-15 22:50:00,2.915365695953369,6.6370978355407715,18.29544448852539,0.006170660357998958,-2.394296371481719,HKWA,4007,0.2,MEDIUM,3,7,18,44,44
1.6848208193907093,1.691488224367564,1.3119511924885319,1.3772231561639918,1.0039573377181235,1.0497518231235805,-0.3957337718123455,-4.975182312358051,0.006667404976854696,0.06527196367545995,336,788,1052,11.853047619047619,3.318719048478257,1.2708532693863959,2024-01-10 09:10:00,2024-01-15 22:50:00,3.17020845413208,4.6365065574646,18.48009490966797,0.05860455869860526,-4.579448540545705,HKWA,4007,0.2,MEDIUM,3,8,18,44,44
1.6618207234134694,1.6529118593252086,1.307221060500185,1.3258452791335615,0.9946390943603342,1.0142471837366591,0.5360905639665847,-1.424718373665912,-0.00890886408826086,0.018624218633376488,334,788,1044,13.119589820359279,2.3205338953132255,1.2037264212840462,2024-01-06 22:20:00,2024-01-15 22:50:00,2.2839479446411133,7.925533771514893,18.11496925354004,0.027533082721637347,-1.9608089376324966,HKWA,4007,0.2,MEDIUM,3,9,18,44,44
1.7211513274922339,1.7443280509374912,1.293794868272213,1.3445642025091586,1.0134658255058993,1.0392406365815512,-1.3465825505899254,-3.924063658155119,0.02317672344525734,0.05076933423694574,343,788,1073,12.152379008746356,2.8632609743739352,1.2681645639188583,2024-01-10 01:00:00,2024-01-15 22:50:00,2.7251741886138916,6.223754405975342,18.762075424194336,0.0275926107916884,-2.5774811075651938,HKWA,4007,0.2,MEDIUM,3,10,18,44,44
1.7202956720827098,1.7831928777220045,1.3195373179651033,1.4028427217151118,1.0365618577434117,1.0631322832752288,-3.6561857743411696,-6.3132283275228795,0.06289720563929468,0.0833054037500085,326,788,1022,12.65148773006135,2.97172848189313,1.255695507220774,2024-01-07 02:50:00,2024-01-15 22:50:00,3.0383005142211914,6.137116432189941,18.847640991210938,0.020408198110713816,-2.65704255318171,HKWA,4007,0.2,MEDIUM,3,11,18,44,44
1.7458643699335847,1.7960958222613608,1.286224931679174,1.4227933395445729,1.028771680774771,1.106177702283463,-2.8771680774771102,-10.617770228346291,0.05023145232777604,0.1365684078653988,334,788,1046,12.472278443113773,2.730548400263582,1.244796384341995,2024-01-10 00:30:00,2024-01-15 22:50:00,2.6464555263519287,7.497506141662598,19.053646087646484,0.08633695553762277,-7.740602150869181,HKWA,4007,0.2,MEDIUM,3,12,18,44,44
1.6277495736404919,1.811541289498659,1.347577799285408,1.4063594405506454,1.1129115429267866,1.0436202208855088,-11.291154292678662,-4.3620220885508765,0.183791715858167,0.05878164126523733,341,788,1067,12.787589442815246,3.187538050383892,1.2974051796429515,2024-01-07 16:00:00,2024-01-15 22:50:00,2.656791925430298,5.769073486328125,18.73611068725586,-0.12501007459292968,6.929132204127786,HKWA,4007,0.2,MEDIUM,3,13,18,44,44
1.7591838945943086,1.6508643794095728,1.3025444529959262,1.3835091027163782,0.9384262694095914,1.062158838060558,6.157373059040861,-6.2158838060558,-0.10831951518473582,0.08096464972045192,320,788,1005,12.262521875000001,2.952679393283579,1.33452861652908,2024-01-06 23:40:00,2024-01-15 22:50:00,2.7805538177490234,6.613743782043457,18.784095764160156,0.18928416490518774,-12.37325686509666,HKWA,4007,0.2,MEDIUM,3,14,18,44,44
0.9749461066456492,0.998115761817944,0.956021335692816,1.1851484304915014,1.0237650625140822,1.239667344487286,-2.376506251408217,-23.96673444872861,0.023169655172294856,0.22912709479868543,718,807,2190,10.795373259052925,2.9469605483431653,1.0049944449086143,2024-01-09 13:30:00,2024-01-15 23:10:00,2.946784496307373,3.897922992706299,18.28049659729004,0.20595743962639057,-21.590228197320393,HKWA,4007,0.2,FEW-LONG,1,0,144,5,5
0.9225477439313745,0.9545145912769433,0.8859072996055647,0.9020218981777959,1.0346506157061792,1.0181899376824257,-3.465061570617922,-1.8189937682425716,0.03196684734556876,0.016114598572231187,718,807,2190,11.137114206128134,2.735544849721892,0.9321220067206514,2024-01-09 13:30:00,2024-01-15 23:10:00,2.7575409412384033,5.439514636993408,18.552127838134766,-0.015852248773337574,1.6460678023753506,HKWA,4007,0.2,FEW-LONG,1,1,144,5,5
0.9792303021657702,1.0001641584806926,0.9366927298406384,0.9631457866764359,1.021377868177305,1.0282409118733076,-2.1377868177304915,-2.8240911873307573,0.020933856314922394,0.02645305683579746,718,807,2190,10.414722841225627,2.9737050330757615,1.0088521109937019,2024-01-09 13:30:00,2024-01-15 23:10:00,2.9932639598846436,4.573348045349121,19.243762969970703,0.005519200520875067,-0.6863043696002658,HKWA,4007,0.2,FEW-LONG,1,2,144,5,5
0.9829501393198379,1.0147127233709958,0.945364411160308,0.9656951944890925,1.0323135251531033,1.0215057633741798,-3.231352515310326,-2.1505763374179754,0.03176258405115795,0.020330783328784463,720,807,2199,11.295844444444445,3.1825223047524607,1.0004381135140963,2024-01-08 03:50:00,2024-01-15 23:10:00,3.1366522312164307,4.548992156982422,18.9013614654541,-0.011431800722373486,1.0807761778923508,HKWA,4007,0.2,FEW-LONG,1,3,144,5,5
0.9191096007643865,0.963051120760416,0.8841847392009972,1.0061004923273937,1.047808792291458,1.1378849325499183,-4.780879229145807,-13.78849325499183,0.043941519996029466,0.12191575312639658,718,807,2190,12.656770194986072,2.206668076876811,0.926425518720395,2024-01-06 17:10:00,2024-01-15 23:10:00,2.2028560638427734,7.007926940917969,18.555728912353516,0.07797423313036711,-9.007614025846022,HKWA,4007,0.2,FEW-LONG,1,4,144,5,5
0.9715253085947143,0.9963652978594025,0.927976527819209,0.9485468180072404,1.0255680310589321,1.0221668216505138,-2.556803105893213,-2.2166821650513757,0.024839989264688223,0.02057029018803136,729,807,2223,10.2101207133059,3.0092157447286283,0.9720846760392513,2024-01-10 21:50:00,2024-01-15 23:10:00,3.032464027404785,4.457570552825928,18.385074615478516,-0.004269699076656863,0.3401209408418371,HKWA,4007,0.2,FEW-LONG,1,5,144,5,5
0.9246851794305431,0.9441170431529478,0.8868337040208611,0.8902039458107451,1.0210145724779234,1.0038003086425376,-2.1014572477923377,-0.3800308642537553,0.019431863722404685,0.0033702417898839876,718,807,2190,11.207793871866295,2.6972870935501256,0.9265160753723566,2024-01-09 13:30:00,2024-01-15 23:10:00,2.6751439571380615,5.690058708190918,18.750741958618164,-0.016061621932520698,1.7214263835385823,HKWA,4007,0.2,FEW-LONG,1,6,144,5,5
0.8905035153440487,0.9694096884811578,0.8589441827300821,1.6109988328149525,1.0886084914629715,1.875557067858039,-8.860849146297145,-87.5557067858039,0.07890617313710913,0.7520546500848704,738,807,2253,12.44360027100271,2.5351623118180813,0.902860007182675,2024-01-08 06:40:00,2024-01-15 23:10:00,2.2985880374908447,6.089390277862549,18.648283004760742,0.6731484769477613,-78.69485763950676,HKWA,4007,0.2,FEW-LONG,1,7,144,5,5
0.8953849563487819,0.9478226415778814,0.9070999208570328,0.9613010516234688,1.0585644027826098,1.059752106157419,-5.856440278260977,-5.9752106157419105,0.05243768522909953,0.054201130766435957,718,807,2192,10.623129526462394,3.1303924338059566,0.9023138914504345,2024-01-09 13:30:00,2024-01-15 23:10:00,3.1684200763702393,4.4665727615356445,18.720556259155273,0.0017634455373364277,-0.11877033748093346,HKWA,4007,0.2,FEW-LONG,1,8,144,5,5
0.9314948382598452,0.9506189343830522,0.9157569556027517,0.9573399056472773,1.0205305443870556,1.0454082819574717,-2.0530544387055594,-4.540828195747171,0.01912409612320698,0.04158295004452561,718,807,2190,12.391927576601672,2.6037834691245596,0.9365630771038465,2024-01-08 03:20:00,2024-01-15 23:10:00,2.5458574295043945,6.574902057647705,18.741701126098633,0.022458853921318633,-2.4877737570416114,HKWA,4007,0.2,FEW-LONG,1,9,144,5,5
0.9514221072346388,0.99059953081618,0.91179175294773,0.9350516789751708,1.0411777520026442,1.0255101298648994,-4.1177752002644175,-2.5510129864899422,0.03917742358154119,0.02325992602744087,727,807,2217,11.199891334250342,2.8572723341970914,0.9944657460926208,2024-01-06 20:00:00,2024-01-15 23:10:00,2.9092259407043457,5.490442276000977,18.732547760009766,-0.015917497554100324,1.5667622137744752,HKWA,4007,0.2,FEW-LONG,1,10,144,5,5
0.9784963394673354,1.0506727450035478,0.927976527819209,0.9731159518658095,1.0737625708191234,1.048642851078012,-7.376257081912341,-4.864285107801192,0.0721764055362124,0.04513942404660043,718,807,2190,10.270038997214485,2.9925387375892485,0.9791428694837234,2024-01-10 23:40:00,2024-01-15 23:10:00,2.8201005458831787,5.056765079498291,18.350217819213867,-0.027036981489611978,2.511971974111149,HKWA,4007,0.2,FEW-LONG,1,11,144,5,5
0.931076075717969,0.9755819958630438,0.9360991332976409,0.9503175630318348,1.0478005195340838,1.0151890213636945,-4.780051953408382,-1.5189021363694488,0.04450592014507482,0.01421842973419385,718,807,2190,10.765852367688023,3.0454823879673287,0.9571851887812196,2024-01-09 13:30:00,2024-01-15 23:10:00,3.1297731399536133,4.886566638946533,18.37101936340332,-0.03028749041088097,3.261149817038933,HKWA,4007,0.2,FEW-LONG,1,12,144,5,5
0.9243688322294604,0.9621878252109379,0.9057242633053532,0.9411684434951612,1.0409133147536604,1.0391335217856017,-4.091331475366045,-3.91335217856017,0.037818992981477506,0.035444180189807994,729,807,2224,12.456105624142662,2.596435623372845,0.9341001431518463,2024-01-06 22:50:00,2024-01-15 23:10:00,2.5389363765716553,5.89100980758667,18.567577362060547,-0.0023748127916695116,0.17797929680587465,HKWA,4007,0.2,FEW-LONG,1,13,144,5,5
0.9784963394673354,0.9928080909477337,0.9309164283276771,0.9505629499250513,1.014626269821499,1.0211044955267012,-1.462626982149895,-2.110449552670124,0.014311751480398316,0.019646521597374234,718,807,2190,10.270038997214485,2.9925387375892485,0.9791428694837234,2024-01-10 23:40:00,2024-01-15 23:10:00,3.0162832736968994,4.068058967590332,18.730215072631836,0.005334770116975918,-0.647822570520229,HKWA,4007,0.2,FEW-LONG,1,14,144,5,5
1.3406113345599577,1.3975966445004773,1.3378350747924472,1.5060653143618001,1.0425069581850317,1.1257481155481384,-4.25069581850317,-12.574811554813836,0.056985309940519535,0.1682302395693529,713,806,2181,10.798967741935485,2.945069813286355,1.0001951162450535,2024-01-09 13:40:00,2024-01-15 22:50:00,2.9359121322631836,3.8953917026519775,18.255695343017578,0.11124492962883337,-8.324115736310667,HKWA,4007,0.2,FEW-LONG,3,0,144,5,5
1.2989363552456916,1.3423116669086543,1.2373848052758458,1.3261613525057945,1.0333929460729878,1.0717453025537662,-3.3392946072987817,-7.174530255376621,0.04337531166296271,0.08877654722994865,713,806,2181,11.128559607293129,2.742650557060455,0.9333763892683392,2024-01-09 13:40:00,2024-01-15 22:50:00,2.875995397567749,4.972117900848389,18.589237213134766,0.04540123556698594,-3.8352356480778393,HKWA,4007,0.2,FEW-LONG,3,1,144,5,5
1.3527514338544355,1.3912558074451844,1.2915689374165265,1.339675262279894,1.0284637462782333,1.0372464244607746,-2.8463746278233337,-3.724642446077464,0.038504373590748875,0.04810632486336752,713,806,2181,10.412639551192148,2.975858847441244,1.0122811544867343,2024-01-09 13:40:00,2024-01-15 22:50:00,2.979304075241089,4.795119285583496,19.34111213684082,0.009601951272618647,-0.8782678182541304,HKWA,4007,0.2,FEW-LONG,3,2,144,5,5
1.3902088017883616,1.4266983033406115,1.3095457388665823,1.3491977045552679,1.026247497142379,1.030279175833144,-2.624749714237895,-3.027917583314399,0.03648950155224995,0.039651965688685564,716,806,2193,11.293400837988829,3.187512421699862,1.009279744152277,2024-01-08 03:50:00,2024-01-15 22:50:00,3.1324656009674072,5.369592666625977,18.666858673095703,0.0031624641364356165,-0.4031678690765039,HKWA,4007,0.2,FEW-LONG,3,3,144,5,5
1.309106073808562,1.3254836543315327,1.248156422125966,1.3532857122594886,1.0125105068646758,1.0842276563016495,-1.2510506864675808,-8.422765630164953,0.01637758052297067,0.10512929013352257,713,806,2181,12.667134642356244,2.2053308412387564,0.934127881426655,2024-01-06 16:40:00,2024-01-15 22:50:00,2.1682324409484863,7.227377414703369,18.9440860748291,0.0887517096105519,-7.171714943697372,HKWA,4007,0.2,FEW-LONG,3,4,144,5,5
1.3429050136516014,1.3858126917885212,1.284997646057069,1.3503869195823013,1.0319513872542974,1.0508866874004594,-3.195138725429736,-5.088668740045943,0.04290767813691976,0.06538927352523238,724,806,2216,10.235736187845305,3.0036642117549914,0.9751360677079526,2024-01-10 22:20:00,2024-01-15 22:50:00,3.0619306564331055,4.954726696014404,18.00666046142578,0.022481595388312625,-1.893530014616207,HKWA,4007,0.2,FEW-LONG,3,5,144,5,5
1.297624776392835,1.3327327744579847,1.2473001254620586,1.2890975086330863,1.0270555854849994,1.0335102853898488,-2.7055585484999423,-3.3510285389848793,0.03510799806514964,0.04179738317102766,713,806,2181,11.201037868162693,2.7045315973859223,0.9306310703494602,2024-01-09 13:40:00,2024-01-15 22:50:00,2.6636524200439453,5.335881233215332,18.80341339111328,0.006689385105878021,-0.645469990484937,HKWA,4007,0.2,FEW-LONG,3,6,144,5,5
1.2949750645039753,1.4800931393537498,1.2431185350994056,1.5347592275967716,1.1429510729001424,1.2346040898457402,-14.295107290014242,-23.460408984574023,0.1851180748497745,0.291640692497366,735,806,2248,12.449337414965985,2.538520916591839,0.9006632852469828,2024-01-08 06:30:00,2024-01-15 22:50:00,2.148171901702881,6.558727741241455,18.75373649597168,0.10652261764759152,-9.165301694559782,HKWA,4007,0.2,FEW-LONG,3,7,144,5,5
1.245843545577061,1.3353322114697526,1.2636237435489037,1.3548116495537907,1.0718297784745046,1.0721638117916212,-7.182977847450456,-7.2163811791621235,0.08948866589269167,0.09118790600488702,714,806,2184,10.610014005602242,3.134173577038822,0.9051831227080154,2024-01-09 13:30:00,2024-01-15 22:50:00,3.192291021347046,5.10330057144165,18.755098342895508,0.0016992401121953549,-0.03340333171166776,HKWA,4007,0.2,FEW-LONG,3,8,144,5,5
1.3469844305339915,1.352094065824548,1.291520956908557,1.3514605668154949,1.0037933885312473,1.0464100946920845,-0.37933885312473326,-4.641009469208446,0.0051096352905564135,0.05993960990693781,713,806,2181,12.407053295932679,2.6031291101403258,0.9420058215932576,2024-01-08 03:10:00,2024-01-15 22:50:00,2.5269038677215576,6.255832672119141,18.326274871826172,0.054829974616381394,-4.261670616083713,HKWA,4007,0.2,FEW-LONG,3,9,144,5,5
1.3263022432263603,1.4146109118511212,1.27795207362459,1.3185505604590695,1.0665826127308218,1.0317683954448558,-6.658261273082178,-3.176839544485577,0.08830866862476094,0.04059848683447953,723,806,2211,11.207060857538035,2.8572310903921565,0.9935545275845165,2024-01-06 19:40:00,2024-01-15 22:50:00,3.0084924697875977,5.053477764129639,18.841835021972656,-0.047710181790281414,3.481421728596601,HKWA,4007,0.2,FEW-LONG,3,10,144,5,5
1.3522386046993593,1.5873909014875185,1.284997646057069,1.4482306438764643,1.1738985235083124,1.127029802988562,-17.389852350831237,-12.702980298856193,0.2351522967881592,0.16323299781939538,713,806,2181,10.297702664796635,2.9845526095301467,0.9821946245266884,2024-01-11 00:10:00,2024-01-15 22:50:00,2.622123956680298,6.961629390716553,18.35456657409668,-0.07191929896876381,4.686872051975044,HKWA,4007,0.2,FEW-LONG,3,11,144,5,5
1.3025101787619169,1.4172625994691328,1.3237700438642122,1.3733961728854203,1.0881009780793363,1.0374884816673633,-8.810097807933627,-3.7488481667363294,0.11475242070721592,0.04962612902120811,713,806,2181,10.758370266479664,3.052981858833125,0.9569521540050151,2024-01-09 13:40:00,2024-01-15 22:50:00,3.12906551361084,5.2217864990234375,18.65275001525879,-0.06512629168600781,5.061249641197297,HKWA,4007,0.2,FEW-LONG,3,12,144,5,5
1.3459028681100058,1.4107739033126803,1.305430067560236,1.3550162627395719,1.0481988981075359,1.037984566474717,-4.819889810753586,-3.798456647471693,0.06487103520267445,0.049586195179335935,724,806,2217,12.470903314917129,2.5991064086044418,0.9371691628918156,2024-01-06 22:40:00,2024-01-15 22:50:00,2.607522487640381,5.472295761108398,18.738862991333008,-0.01528484002333852,1.021433163281893,HKWA,4007,0.2,FEW-LONG,3,13,144,5,5
1.3522386046993593,1.3634360630011804,1.2911753777389825,1.3299209884998,1.0082806823166468,1.0300080155096096,-0.8280682316646804,-3.000801550960963,0.011197458301821062,0.038745610760817506,713,806,2181,10.297702664796635,2.9845526095301467,0.9821946245266884,2024-01-11 00:10:00,2024-01-15 22:50:00,3.0653116703033447,3.837766408920288,18.630630493164062,0.027548152458996444,-2.1727333192962828,HKWA,4007,0.2,FEW-LONG,3,14,144,5,5
0.6447975471035078,0.6895485408655231,0.5768153328067135,0.6364439346647587,1.0694031699764384,1.103375549273109,-6.940316997643836,-10.337554927310899,0.0447509937620153,0.059628601858045194,357,1044,1110,7.068002801120448,3.87459763628811,0.7283019670924961,2025-09-21 14:50:00,2025-09-29 04:20:00,3.6947896480560303,1.2265996932983398,13.151507377624512,0.014877608096029893,-3.397237929667063,HKWB,4459,0.05,MANY-SHORT,1,0,3,74,74
0.38749081133102936,1.068019980395846,0.6001835566925655,0.6286619288423476,2.756245952587112,1.047449437479957,-175.62459525871122,-4.7449437479957,0.6805291690648165,0.028478372149782105,388,1044,1202,7.071010309278351,3.7940397682128104,0.45506739685121644,2025-09-22 11:00:00,2025-09-29 04:20:00,3.1877729892730713,3.1716084480285645,13.358154296875,-0.6520507969150344,170.87965151071552,HKWB,4459,0.05,MANY-SHORT,1,1,3,74,74
0.5845636576210675,2.349960073744114,0.5890800697223267,0.631264598103619,4.0200242404864515,1.0716108565702736,-302.00242404864514,-7.161085657027355,1.7653964161230467,0.042184528381292274,318,1044,993,7.306833333333333,4.791272545399363,1.1048630062032532,2025-09-20 14:10:00,2025-09-29 04:20:00,3.938551902770996,5.3905816078186035,21.170669555664062,-1.7232118877417544,294.8413383916178,HKWB,4459,0.05,MANY-SHORT,1,2,3,74,74
0.3240204856917676,1.0450122993124766,0.5403817624917744,0.6100361562824981,3.2251426852886396,1.1288984910770077,-222.51426852886397,-12.889849107700769,0.720991813620709,0.06965439379072369,338,1044,1052,6.278473372781065,4.145546416993161,0.49158209951280857,2025-09-24 14:30:00,2025-09-29 04:20:00,3.627114772796631,3.0238571166992188,13.878915786743164,-0.6513374198299853,209.6244194211632,HKWB,4459,0.05,MANY-SHORT,1,3,3,74,74
0.680338157497438,0.7366516678940874,0.5850149145035287,0.6416435012468169,1.0827728237437007,1.0967985351131533,-8.277282374370065,-9.67985351131533,0.05631351039664945,0.05662858674328819,351,1044,1090,7.025196581196582,3.860132874702461,0.7751232113565388,2025-09-21 15:30:00,2025-09-29 04:20:00,3.766049861907959,1.262441635131836,14.45862102508545,0.00031507634663874295,-1.402571136945264,HKWB,4459,0.05,MANY-SHORT,1,4,3,74,74
0.5348735902769528,1.160567242052035,0.5716349954364786,0.6396564899189493,2.1697972439639495,1.1189946294847328,-116.97972439639494,-11.899462948473282,0.6256936517750822,0.06802149448247075,330,1044,1028,6.5264727272727265,3.853021483496621,0.5931317953462911,2025-09-23 04:00:00,2025-09-29 04:20:00,3.3945112228393555,3.388716697692871,14.471661567687988,-0.5576721572926114,105.08026144792166,HKWB,4459,0.05,MANY-SHORT,1,5,3,74,74
0.3921384266963721,2.4292630871641285,0.5724990128653504,0.614935113341885,6.194912107007244,1.0741243207811704,-519.4912107007244,-7.412432078117037,2.0371246604677564,0.042436100476534566,383,1044,1185,7.485979112271541,4.2707797588860705,0.44054082296081465,2025-09-23 09:40:00,2025-09-29 04:20:00,3.0801291465759277,5.277952671051025,16.124256134033203,-1.9946885599912219,512.0787786226074,HKWB,4459,0.05,MANY-SHORT,1,6,3,74,74
0.5356571891838326,0.7732531309546756,0.580333431539535,0.6484066650805305,1.4435596993160158,1.117300210260863,-44.35596993160158,-11.730021026086291,0.23759594177084298,0.06807323354099548,370,1044,1148,8.72878918918919,6.2436272677235864,0.5833796688143269,2025-09-20 16:30:00,2025-09-29 04:20:00,6.096675395965576,1.2945090532302856,21.36741065979004,-0.1695227082298475,32.62594890551529,HKWB,4459,0.05,MANY-SHORT,1,7,3,74,74
0.42038232326053343,1.0294571536631147,0.5601780761610493,0.584283109159089,2.4488592804724214,1.043031018213411,-144.88592804724215,-4.303101821341104,0.6090748304025813,0.024105032998039677,393,1044,1217,6.494180661577608,3.502241377619044,0.4762531053984378,2025-09-23 08:50:00,2025-09-29 04:20:00,3.031036615371704,3.1833012104034424,13.458426475524902,-0.5849697974045416,140.58282622590104,HKWB,4459,0.05,MANY-SHORT,1,8,3,74,74
0.5110476385708957,0.8122074828265157,0.57071098445516,0.6438439851078094,1.5892989645697015,1.1281436710430013,-58.929896456970155,-12.814367104300128,0.3011598442556199,0.07313300065264938,405,1044,1251,7.079644444444445,4.052558625039583,0.552776666596037,2025-09-21 04:10:00,2025-09-29 04:20:00,4.000280857086182,2.091526746749878,19.864084243774414,-0.22802684360297054,46.11552935267002,HKWB,4459,0.05,MANY-SHORT,1,9,3,74,74
0.4530658669712222,1.8197568854745771,0.5964933584109319,0.7102589605545869,4.016539355833142,1.1907240047847782,-301.65393558331425,-19.072400478477824,1.366691018503355,0.11376560214365505,431,1044,1331,7.421436194895592,3.9485820128018343,0.5271738793046299,2025-09-21 07:00:00,2025-09-29 04:20:00,3.0091474056243896,5.073116779327393,17.932811737060547,-1.2529254163597,282.5815351048364,HKWB,4459,0.05,MANY-SHORT,1,10,3,74,74
0.5668352442720338,0.7106188516227089,0.586897006929917,0.6778435924973037,1.2536603162976063,1.1549617471098246,-25.366031629760634,-15.496174710982459,0.14378360735067508,0.09094658556738677,376,1044,1166,7.958255319148936,4.429330401669372,0.7282409833332798,2025-09-19 10:00:00,2025-09-29 04:20:00,4.205327033996582,1.463027834892273,16.65806770324707,-0.05283702178328831,9.869856918778176,HKWB,4459,0.05,MANY-SHORT,1,11,3,74,74
0.478588283125219,0.8106621096113203,0.6043860093316704,0.6666563842482351,1.6938611708536473,1.1030308014333807,-69.38611708536473,-10.303080143338072,0.33207382648610134,0.06227037491656473,333,1044,1036,5.830276276276276,3.751354402292504,0.91331730892232,2025-09-22 11:30:00,2025-09-29 04:20:00,3.536977767944336,2.3177804946899414,14.294587135314941,-0.2698034515695366,59.08303694202666,HKWB,4459,0.05,MANY-SHORT,1,12,3,74,74
0.5137074499339551,1.2753367103814282,0.5790925215088112,0.626578351444718,2.48261283838767,1.0820004199194002,-148.26128383876699,-8.200041991940022,0.761629260447473,0.047485829935906776,340,1044,1057,8.946538235294119,6.281101457477526,0.7130327146377272,2025-09-19 22:00:00,2025-09-29 04:20:00,5.587427139282227,3.1937036514282227,20.37009620666504,-0.7141434305115663,140.06124184682696,HKWB,4459,0.05,MANY-SHORT,1,13,3,74,74
0.4209414163249485,0.9125720609378583,0.5731543124677535,0.6385313128131378,2.167931273917205,1.1140652681542242,-116.79312739172052,-11.406526815422424,0.49163064461290973,0.0653770003453843,358,1044,1113,5.450793296089386,2.8846840414031494,0.5308914035978941,2025-09-19 05:50:00,2025-09-29 04:20:00,2.4630773067474365,2.9816348552703857,13.238201141357422,-0.42625364426752543,105.3866005762981,HKWB,4459,0.05,MANY-SHORT,1,14,3,74,74
1.1125828209745543,1.255053471801483,0.9294681424222015,1.0210335323363011,1.1280539732782617,1.0985137475239113,-12.805397327826174,-9.851374752391129,0.14247065082692867,0.09156538991409957,343,1044,1074,7.02467055393586,3.900629259159708,0.7252226475925183,2025-09-21 14:50:00,2025-09-29 04:00:00,3.4018304347991943,1.6424345970153809,13.32829475402832,-0.0509052609128291,2.9540225754350455,HKWB,4459,0.05,MANY-SHORT,3,0,3,74,74
0.6463396341449801,1.3463456915816534,0.9220109601994813,1.1151769444229715,2.083031304992903,1.2095050846051743,-108.3031304992903,-20.950508460517426,0.7000060574366733,0.1931659842234903,375,1044,1169,6.978712,3.800732065237257,0.4652585492281692,2025-09-22 11:30:00,2025-09-29 04:00:00,3.0876870155334473,3.7765984535217285,13.309621810913086,-0.506840073213183,87.35262203877288,HKWB,4459,0.05,MANY-SHORT,3,1,3,74,74
0.9672568735745041,2.8286095486824454,0.8794672602646415,1.0729554404336232,2.924362313631642,1.220006120649402,-192.43623136316418,-22.000612064940196,1.8613526751079412,0.19348818016898173,306,1044,961,7.22551633986928,4.7329183069976395,1.0124969769278793,2025-09-20 02:30:00,2025-09-29 04:00:00,3.987398862838745,5.235150337219238,21.16592025756836,-1.6678644949389594,170.435619298224,HKWB,4459,0.05,MANY-SHORT,3,2,3,74,74
0.5217678608512447,1.8474820825520377,0.8977816349116718,1.0875847784160764,3.540812344282647,1.2114134842188862,-254.0812344282647,-21.141348421888615,1.325714221700793,0.18980314350440453,324,1044,1014,6.135756172839507,4.136123257103893,0.5131804417948465,2025-09-25 05:00:00,2025-09-29 04:00:00,3.1246883869171143,3.272550106048584,13.438607215881348,-1.1359110781963884,232.9398860063761,HKWB,4459,0.05,MANY-SHORT,3,3,3,74,74
1.1329784700733954,1.2496605601877773,0.9238306215109885,1.0592986746056856,1.1029870321426525,1.1466373271684043,-10.298703214265249,-14.663732716840428,0.11668209011438191,0.13546805309469712,337,1044,1055,6.919275964391693,3.8764550913404077,0.7485989214543823,2025-09-21 16:20:00,2025-09-29 04:00:00,3.5936522483825684,1.7433308362960815,14.36296558380127,0.018785962980315207,-4.3650295025751795,HKWB,4459,0.05,MANY-SHORT,3,4,3,74,74
0.8629796425710538,1.550179862205548,0.918785997287867,1.0799755561278674,1.7963110434298726,1.1754375440154838,-79.63110434298726,-17.543754401548384,0.6872002196344943,0.1611895588400004,315,1044,990,6.442228571428571,3.8645891806318415,0.5433573568192697,2025-09-23 04:30:00,2025-09-29 04:00:00,3.2299017906188965,3.3151583671569824,14.599668502807617,-0.5260106607944939,62.08734994143887,HKWB,4459,0.05,MANY-SHORT,3,5,3,74,74
0.5488365694319206,3.2423387404886888,0.9297027859025391,1.0531738096534895,5.907657982493236,1.1328069847947018,-490.76579824932355,-13.280698479470177,2.6935021710567684,0.12347102375095043,369,1044,1149,7.434902439024389,4.318101274146785,0.43061969581567633,2025-09-24 10:50:00,2025-09-29 04:00:00,1.9263490438461304,6.102445125579834,12.684420585632324,-2.570031147305818,477.4850997698534,HKWB,4459,0.05,MANY-SHORT,3,6,3,74,74
0.7749152406890064,1.228725765702794,0.9304567117973492,1.0461774154944745,1.585626015834051,1.124369787685866,-58.5626015834051,-12.436978768586604,0.4538105250137875,0.11572070369712528,357,1044,1113,8.752310924369747,6.327251487424753,0.5671687570755738,2025-09-20 16:20:00,2025-09-29 04:00:00,5.971668243408203,2.070889711380005,21.18216896057129,-0.3380898213166622,46.12562281481849,HKWB,4459,0.05,MANY-SHORT,3,7,3,74,74
0.5967259130483862,1.3867229275501676,0.9134064819898072,1.003890919889124,2.3238858866813175,1.0990626185421863,-132.38858866813175,-9.906261854218634,0.7899970145017814,0.0904844378993167,379,1044,1180,6.414915567282322,3.49071530924248,0.48702857452361903,2025-09-23 09:10:00,2025-09-29 04:00:00,2.940584182739258,3.699307680130005,13.290016174316406,-0.6995125766024647,122.48232681391312,HKWB,4459,0.05,MANY-SHORT,3,8,3,74,74
0.8339395919170356,1.4236572880432583,0.9177393874806362,1.032229893608594,1.7071467787859755,1.1247527431967972,-70.71467787859756,-12.47527431967972,0.5897176961262227,0.11449050612795786,391,1044,1217,6.8573810741687975,3.8415497772513127,0.6028375930407534,2025-09-21 04:50:00,2025-09-29 04:00:00,3.8686935901641846,2.1052463054656982,20.19188117980957,-0.47522718999826485,58.239403558917836,HKWB,4459,0.05,MANY-SHORT,3,9,3,74,74
0.6672493723341992,2.190765324625218,0.9030099805119622,1.0171892511814087,3.283278209706504,1.1264429775235845,-228.32782097065038,-12.644297752358447,1.5235159522910189,0.11417927066944644,418,1044,1296,7.357897129186603,3.943200269453186,0.5435935037450352,2025-09-21 06:50:00,2025-09-29 04:00:00,2.834196090698242,5.543637752532959,18.499113082885742,-1.4093366816215724,215.68352321829192,HKWB,4459,0.05,MANY-SHORT,3,10,3,74,74
0.9661085469645253,1.4045274928299925,0.9242130643494368,1.0290712917301377,1.453798848217379,1.1134567681690495,-45.37988482173789,-11.345676816904948,0.43841894586546715,0.10485822738070083,363,1044,1131,7.871471074380166,4.430231234892583,0.6843003252771733,2025-09-19 09:30:00,2025-09-29 04:00:00,3.8829376697540283,1.7663922309875488,16.881107330322266,-0.3335607184847663,34.03420800483294,HKWB,4459,0.05,MANY-SHORT,3,11,3,74,74
0.8806754733204373,1.6327882904995261,0.922719003897317,1.0723068769801158,1.854018125818101,1.1621163891184423,-85.4018125818101,-16.21163891184423,0.7521128171790888,0.14958787308279886,318,1044,998,5.6886572327044025,3.715228216848233,0.9283167858182207,2025-09-22 12:10:00,2025-09-29 04:00:00,3.042823314666748,3.7799618244171143,14.14091682434082,-0.60252494409629,69.19017366996587,HKWB,4459,0.05,MANY-SHORT,3,12,3,74,74
0.7220907931118721,1.6357503549026975,0.8662074518363706,1.0162626472830105,2.2652973428083496,1.1732323996157283,-126.52973428083496,-17.323239961572835,0.9136595617908254,0.15005519544663992,326,1044,1021,8.901374233128834,6.344353602936289,0.7102840828051763,2025-09-19 22:00:00,2025-09-29 04:00:00,5.331801414489746,3.3910720348358154,20.00876808166504,-0.7636043663441855,109.20649431926212,HKWB,4459,0.05,MANY-SHORT,3,13,3,74,74
0.7140394140968136,1.3565140553646062,0.886545985543197,0.9917263478856958,1.8997747583450375,1.1186406165699951,-89.97747583450375,-11.864061656999514,0.6424746412677926,0.10518036234249883,344,1044,1075,5.322031976744185,2.8074466512400345,0.553939394295922,2025-09-19 05:50:00,2025-09-29 04:00:00,2.1817848682403564,3.429500102996826,13.594745635986328,-0.5372942789252938,78.11341417750424,HKWB,4459,0.05,MANY-SHORT,3,14,3,74,74
0.5411500006657459,0.5954125412419319,0.5653346806514064,0.611883586883438,1.1002726425379836,1.0823386709239131,-10.027264253798363,-8.23386709239131,0.05426254057618596,0.04654890623203167,857,1046,2608,7.521927654609101,3.48009499553724,0.568121961221427,2025-09-21 14:10:00,2025-09-29 04:20:00,3.396052598953247,1.4859488010406494,13.278331756591797,-0.007713634344154285,1.7933971614070519,HKWB,4459,0.05,MEDIUM,1,0,18,12,12
0.5126125471829692,0.5744125186165714,0.5750583451984757,0.616106096507143,1.1205588348806912,1.0713801506428016,-12.055883488069119,-7.1380150642801565,0.06179997143360216,0.041047751308667335,850,1046,2587,8.221968235294119,3.7827488545551184,0.5324009787450605,2025-09-21 15:20:00,2025-09-29 04:20:00,3.6325159072875977,1.4802279472351074,14.135709762573242,-0.020752220124934828,4.9178684237889625,HKWB,4459,0.05,MEDIUM,1,1,18,12,12
0.4794792534198888,0.5088645567265516,0.5262737357431762,0.5669381180211601,1.061285870237496,1.077268500242673,-6.12858702374961,-7.7268500242672955,0.029385303306662836,0.04066438227798397,852,1046,2594,8.398220657276996,3.697241077177111,0.4893304920413305,2025-09-21 15:00:00,2025-09-29 04:20:00,3.630941152572632,1.2168055772781372,13.87350845336914,0.011279078971321133,-1.5982630005176857,HKWB,4459,0.05,MEDIUM,1,2,18,12,12
0.5272163365424495,0.6687914670363597,0.5691423498039345,0.6684088279346235,1.2685332769131883,1.1744141481738015,-26.853327691318828,-17.441414817380153,0.14157513049391024,0.099266478130689,870,1046,2649,7.725062068965517,3.704257855875332,0.5428687512503977,2025-09-21 18:10:00,2025-09-29 04:20:00,3.513993501663208,2.3319203853607178,14.107512474060059,-0.04230865236322123,9.411912873938675,HKWB,4459,0.05,MEDIUM,1,3,18,12,12
0.6109729755275833,0.6653152822020514,0.5912941626693802,0.6387679517361996,1.0889438794367996,1.080287937990966,-8.894387943679959,-8.0287937990966,0.054342306674468044,0.04747378906681943,863,1046,2628,8.481849362688298,3.3790645726808237,0.6664155368223321,2025-09-21 09:00:00,2025-09-29 04:20:00,3.283980369567871,1.5764884948730469,14.147136688232422,-0.0068685176076486165,0.8655941445833584,HKWB,4459,0.05,MEDIUM,1,4,18,12,12
0.5241254698263095,0.5732444558934195,0.5332827867020783,0.5898039761629921,1.0937160830657355,1.105987275176181,-9.371608306573552,-10.598727517618102,0.04911898606711007,0.05652118946091378,862,1046,2623,8.251899071925754,3.485271544714066,0.5288294738777745,2025-09-22 02:30:00,2025-09-29 04:20:00,3.3562259674072266,1.4831185340881348,14.5281982421875,0.007402203393803708,-1.227119211044549,HKWB,4459,0.05,MEDIUM,1,5,18,12,12
0.5507868794512576,0.5995073504697687,0.5363376845371622,0.5748409852996679,1.0884561212987693,1.0717892884885245,-8.845612129876933,-7.1789288488524505,0.04872047101851107,0.03850330076250563,879,1046,2674,8.536358361774745,3.5412652363999433,0.5882471288473611,2025-09-21 23:40:00,2025-09-29 04:20:00,3.374350070953369,1.5473664999008179,14.175093650817871,-0.010217170256005437,1.6666832810244827,HKWB,4459,0.05,MEDIUM,1,6,18,12,12
0.5345508423382163,0.6486385811159623,0.5915636900844964,0.6465049571039273,1.2134272921144542,1.0928746438301231,-21.342729211445423,-9.287464383012312,0.11408773877774603,0.05494126701943092,854,1046,2601,8.7634906323185,4.8355837976848415,0.5867053022120677,2025-09-20 12:20:00,2025-09-29 04:20:00,4.652721881866455,1.586199164390564,21.115110397338867,-0.05914647175831511,12.055264828433112,HKWB,4459,0.05,MEDIUM,1,7,18,12,12
0.5896117868847683,0.9541558438463988,0.57243863715497,0.6312527081550591,1.618278102762684,1.1027430141550123,-61.8278102762684,-10.274301415501231,0.3645440569616305,0.05881407100008906,861,1046,2621,8.185168408826947,3.562394014656022,0.6014420935211577,2025-09-21 13:30:00,2025-09-29 04:20:00,3.1624560356140137,3.2917842864990234,14.161030769348145,-0.30572998596154144,51.55350886076717,HKWB,4459,0.05,MEDIUM,1,8,18,12,12
0.5922489829529958,0.662911132873416,0.5802427337064382,0.6421374608235437,1.1193115597566645,1.106670404507676,-11.931155975666453,-10.667040450767606,0.07066214992042019,0.06189472711710553,858,1046,2612,8.663562937062936,4.608287618032803,0.6165802488656077,2025-09-20 17:10:00,2025-09-29 04:20:00,4.458241939544678,1.3992767333984375,21.100860595703125,-0.008767422803314662,1.2641155248988465,HKWB,4459,0.05,MEDIUM,1,9,18,12,12
0.47929843966578384,0.5703309539900118,0.5791456348346178,0.6217048555982934,1.1899286682170407,1.0734862152174018,-18.99286682170407,-7.348621521740184,0.09103251432422793,0.042559220763675576,872,1046,2654,8.73787614678899,4.348183533087428,0.4829713184918931,2025-09-21 00:50:00,2025-09-29 04:20:00,4.248319149017334,1.4848742485046387,21.317968368530273,-0.048473293560552355,11.644245299963885,HKWB,4459,0.05,MEDIUM,1,10,18,12,12
0.5227686983656828,0.5829344525299782,0.5268348424723158,0.5693224220604512,1.1150905827996012,1.080646867220761,-11.509058279960115,-8.064686722076097,0.06016575416429537,0.04248757958813543,884,1046,2689,7.562519230769231,3.516472417201988,0.5478518709283269,2025-09-21 22:50:00,2025-09-29 04:20:00,3.3988542556762695,1.5166130065917969,14.305274963378906,-0.017678174576159944,3.4443715578840184,HKWB,4459,0.05,MEDIUM,1,11,18,12,12
0.5504354986779406,0.5965624942822774,0.534845608608504,1.1325801966655011,1.0838009098525196,2.117583426761435,-8.380090985251964,-111.75834267614349,0.04612699560433675,0.5977345880569971,869,1046,2644,8.562174913693902,3.519093469712997,0.5840567020729486,2025-09-22 01:20:00,2025-09-29 04:20:00,3.4268345832824707,1.209183692932129,13.99901008605957,0.5516075924526603,-103.37825169089152,HKWB,4459,0.05,MEDIUM,1,12,18,12,12
0.6470222676344415,0.7205544335029975,0.5821371304283269,0.6360744169696052,1.1136470405221057,1.0926539190200635,-11.364704052210573,-9.265391902006348,0.07353216586855604,0.05393728654127827,891,1046,2709,8.760934904601571,4.824741494354395,0.6917367772900865,2025-09-19 23:00:00,2025-09-29 04:20:00,4.707027435302734,1.426200270652771,21.33901596069336,-0.01959487932727777,2.0993121502042253,HKWB,4459,0.05,MEDIUM,1,13,18,12,12
0.465557491650641,0.5816434410858186,0.5267912363471516,0.5938122687285191,1.2493482577706851,1.1272250329107623,-24.934825777068514,-12.722503291076226,0.11608594943517758,0.06702103238136747,874,1046,2659,7.923945080091533,3.7439386136155544,0.4674303768369408,2025-09-22 00:30:00,2025-09-29 04:20:00,3.5709543228149414,1.8035627603530884,14.349565505981445,-0.04906491705381011,12.212322485992289,HKWB,4459,0.05,MEDIUM,1,14,18,12,12
0.8763440143953451,1.0316528732140615,0.9270250658570527,1.0647027807612799,1.1772236202536004,1.1485156334763629,-17.722362025360038,-14.851563347636286,0.15530885881871637,0.1376777149042272,849,1045,2590,7.507528857479388,3.4838959717509246,0.5667247717248383,2025-09-21 14:10:00,2025-09-29 04:00:00,3.085930585861206,2.3626887798309326,13.294400215148926,-0.017631143914489167,2.8707986777237515,HKWB,4459,0.05,MEDIUM,3,0,18,12,12
0.7484522746121999,0.9146976324244447,0.9252100327950886,1.0277579936906331,1.2221188490587225,1.1108374933913587,-22.211884905872246,-11.083749339135874,0.1662453578122448,0.10254796089554452,841,1045,2568,8.219570749108204,3.794019065984829,0.5156193667870668,2025-09-21 15:30:00,2025-09-29 04:00:00,3.4473235607147217,2.152858018875122,14.447702407836914,-0.06369739691670029,11.128135566736372,HKWB,4459,0.05,MEDIUM,3,1,18,12,12
0.7120238909805022,0.7919715533973883,0.7888992361415297,0.8656579919961276,1.1122822751169108,1.0972985551741963,-11.228227511691081,-9.729855517419628,0.07994766241688611,0.0767587558545979,844,1045,2576,8.40357345971564,3.712548828160474,0.4850213444348439,2025-09-21 15:00:00,2025-09-29 04:00:00,3.482433319091797,1.5620448589324951,14.065492630004883,-0.0031889065622882073,1.4983719942714533,HKWB,4459,0.05,MEDIUM,3,2,18,12,12
0.8977906046916162,1.1457469015866568,0.9126990317120087,1.2641320392356372,1.2761849985946463,1.3850480775293723,-27.618499859464627,-38.50480775293723,0.24795629689504062,0.3514330075236285,863,1045,2632,7.702793742757822,3.710497912586928,0.5483358867250724,2025-09-21 18:20:00,2025-09-29 04:00:00,3.287240982055664,2.770761728286743,14.540634155273438,0.10347671062858788,-10.886307893472605,HKWB,4459,0.05,MEDIUM,3,3,18,12,12
0.9749967499346741,1.1271763017683725,0.9427470077248523,1.0821321758653608,1.15608211190847,1.147850024448117,-15.60821119084701,-14.78500244481169,0.15217955183369836,0.1393851681405085,856,1045,2611,8.491869158878504,3.3669301798053874,0.6769037770922414,2025-09-21 08:50:00,2025-09-29 04:00:00,3.1224160194396973,2.4740025997161865,14.42257022857666,-0.012794383693189859,0.8232087460353199,HKWB,4459,0.05,MEDIUM,3,4,18,12,12
0.8861838844445211,0.9954686302720303,0.8867566584423633,1.0592681687117438,1.1233206197334666,1.1945421087363544,-12.332061973346665,-19.454210873635436,0.10928474582750913,0.1725115102693805,854,1045,2605,8.243581967213116,3.4912424963528275,0.5262749892887827,2025-09-22 02:50:00,2025-09-29 04:00:00,3.134744882583618,2.1828062534332275,14.479156494140625,0.06322676444187136,-7.122148900288771,HKWB,4459,0.05,MEDIUM,3,5,18,12,12
0.9255849746782692,1.0311937577904213,0.8934463144176104,1.007658964603959,1.1140995003174738,1.1278338142351596,-11.409950031747385,-12.78338142351596,0.10560878311215216,0.11421265018634874,871,1045,2658,8.541769230769232,3.550966121445664,0.5952203953523995,2025-09-22 00:00:00,2025-09-29 04:00:00,3.218764066696167,1.8983665704727173,14.315176010131836,0.00860386707419658,-1.373431391768575,HKWB,4459,0.05,MEDIUM,3,6,18,12,12
0.8726181583915211,1.1194185290997505,0.9422755171600473,1.1217744419300746,1.2828274524600214,1.1904951593256126,-28.28274524600214,-19.049515932561256,0.24680037070822936,0.17949892477002727,846,1045,2583,8.744891252955082,4.846159229144879,0.5913406100473214,2025-09-20 11:40:00,2025-09-29 04:00:00,4.514503479003906,2.2814536094665527,21.732738494873047,-0.06730144593820209,9.233229313440884,HKWB,4459,0.05,MEDIUM,3,7,18,12,12
0.953264648476576,1.3783140033789698,0.9242607075400275,1.0914334795865108,1.4458880916035965,1.1808718802851883,-44.58880916035965,-18.08718802851883,0.4250493549023938,0.1671727720464833,853,1045,2603,8.169058616647128,3.56800963149548,0.6082976982275059,2025-09-21 13:30:00,2025-09-29 04:00:00,3.0132737159729004,3.651031017303467,14.726762771606445,-0.25787658285591053,26.50162113184082,HKWB,4459,0.05,MEDIUM,3,8,18,12,12
0.9962841137417165,1.1709407674420298,0.9325613460329741,1.0896164122129082,1.1753080785804766,1.168412584167284,-17.53080785804766,-16.84125841672841,0.17465665370031325,0.15705506617993403,850,1045,2594,8.659609411764706,4.615701468367283,0.6186663067916893,2025-09-20 16:50:00,2025-09-29 04:00:00,4.301941871643066,2.2797276973724365,22.217302322387695,-0.017601587520379214,0.6895494413192473,HKWB,4459,0.05,MEDIUM,3,9,18,12,12
0.7262232781390188,0.9995721721625264,0.9288154214273898,1.0270017357993995,1.376397868605888,1.105711330913432,-37.6397868605888,-10.57113309134321,0.2733488940235076,0.09818631437200964,865,1045,2639,8.727492485549133,4.343103479779258,0.47642756874587194,2025-09-21 00:40:00,2025-09-29 04:00:00,4.104475498199463,2.3556089401245117,21.750558853149414,-0.17516257965149795,27.06865376924559,HKWB,4459,0.05,MEDIUM,3,10,18,12,12
0.9006920549661429,1.034309789403963,0.8752184848209326,0.9892754118008548,1.1483500755903113,1.1303182336274102,-14.835007559031133,-13.031823362741024,0.1336177344378201,0.1140569269799222,877,1045,2676,7.543600912200684,3.5237597464425847,0.5503099339408727,2025-09-21 23:00:00,2025-09-29 04:00:00,3.2072930335998535,2.2747390270233154,14.800683975219727,-0.0195608074578979,1.8031841962901094,HKWB,4459,0.05,MEDIUM,3,11,18,12,12
0.9281547070821469,1.0566302708249835,0.8878172658873309,1.4699260417997224,1.1384204193142833,1.6556628241855622,-13.842041931428328,-65.56628241855623,0.12847556374283664,0.5821087759123915,861,1045,2628,8.569653890824622,3.5250314453765785,0.5759999826952255,2025-09-22 01:40:00,2025-09-29 04:00:00,3.246528148651123,2.0968666076660156,14.581010818481445,0.4536332121695549,-51.7242404871279,HKWB,4459,0.05,MEDIUM,3,12,18,12,12
1.0443907580163012,1.2868646085695403,0.9075958230349184,1.0948144588275308,1.2321677482226958,1.206279745940842,-23.21677482226958,-20.627974594084208,0.2424738505532391,0.18721863579261244,884,1045,2696,8.761320135746606,4.838988733402129,0.6909743647598592,2025-09-19 22:30:00,2025-09-29 04:00:00,4.61177396774292,2.3489439487457275,22.009675979614258,-0.05525521476062667,2.5888002281853737,HKWB,4459,0.05,MEDIUM,3,13,18,12,12
0.708821313152503,0.9759927123072417,0.8647276790132687,0.9901927916338402,1.37692348437787,1.1450920511342233,-37.69234843778699,-14.509205113422329,0.26717139915473875,0.12546511262057147,867,1045,2644,7.91236216839677,3.756522059895444,0.46574758059072924,2025-09-22 00:40:00,2025-09-29 04:00:00,3.4179177284240723,2.4321324825286865,14.896459579467773,-0.14170628653416728,23.18314332436466,HKWB,4459,0.05,MEDIUM,3,14,18,12,12
0.5391547796763713,0.6209092902324701,0.5287870163370282,0.6269794950171399,1.1516345836814657,1.1856938155560304,-15.163458368146564,-18.569381555603037,0.08175451055609884,0.09819247868011172,1036,1064,3144,9.063935328185329,4.556744184862793,0.5385451663979116,2025-09-20 13:40:00,2025-09-29 04:20:00,4.392391681671143,1.4722471237182617,21.32760238647461,0.01643796812401288,-3.405923187456473,HKWB,4459,0.05,FEW-LONG,1,0,144,1,1
0.530742125394201,0.5690629363774686,0.5297152643432087,0.5744416332146032,1.0722023166237378,1.0844347367011415,-7.220231662373777,-8.443473670114155,0.03832081098326767,0.04472636887139447,1036,1064,3144,8.097284749034749,3.5146331175204146,0.5308199184284335,2025-09-21 23:50:00,2025-09-29 04:20:00,3.4009859561920166,1.5069888830184937,14.306429862976074,0.0064055578881268005,-1.223242007740378,HKWB,4459,0.05,FEW-LONG,1,1,144,1,1
0.5259336733510023,0.6122196744770109,0.5449221628212919,0.6416687681000702,1.1640625149103587,1.1775420635818523,-16.406251491035874,-17.754206358185233,0.0862860011260086,0.09674660527877832,1036,1064,3144,9.03135135135135,4.550402275282892,0.525442442155818,2025-09-20 13:40:00,2025-09-29 04:20:00,4.387035369873047,1.4722471237182617,21.32760238647461,0.010460604152769726,-1.3479548671493582,HKWB,4459,0.05,FEW-LONG,1,2,144,1,1
0.5906365243201642,0.6569111161020111,0.5952624287006163,0.6779361983037082,1.1122087596227315,1.1388862552329373,-11.220875962273148,-13.88862552329373,0.06627459178184691,0.08267376960309192,1036,1064,3144,8.820158301158303,4.537182929989897,0.5931625349505073,2025-09-20 13:40:00,2025-09-29 04:20:00,4.371731758117676,1.4722471237182617,21.32760238647461,0.016399177821245003,-2.6677495610205817,HKWB,4459,0.05,FEW-LONG,1,3,144,1,1
0.530742125394201,0.5868942553440634,0.5297152643432087,0.5861679886009176,1.1057992709890065,1.106571828409937,-10.579927098900654,-10.657182840993705,0.056152129949862406,0.056452724257708864,1036,1064,3144,8.097284749034749,3.5146331175204146,0.5308199184284335,2025-09-21 23:50:00,2025-09-29 04:20:00,3.3973097801208496,1.5805448293685913,14.186484336853027,0.0003005943078464579,-0.07725574209305108,HKWB,4459,0.05,FEW-LONG,1,4,144,1,1
0.530742125394201,0.5717678815476195,0.5297152643432087,0.5748157818223586,1.0772988504030037,1.0851410569319158,-7.729885040300366,-8.514105693191576,0.041025756153418524,0.04510051747914989,1036,1064,3144,8.097284749034749,3.5146331175204146,0.5308199184284335,2025-09-21 23:50:00,2025-09-29 04:20:00,3.4143013954162598,1.4468348026275635,14.402924537658691,0.004074761325731369,-0.7842206528912099,HKWB,4459,0.05,FEW-LONG,1,5,144,1,1
0.530742125394201,0.5793763349923982,0.5297152643432087,0.5791687669515039,1.0916343498494205,1.0933586512172957,-9.163434984942054,-9.335865121729569,0.0486342095981972,0.049453502608295175,1036,1064,3144,8.097284749034749,3.5146331175204146,0.5308199184284335,2025-09-21 23:50:00,2025-09-29 04:20:00,3.373917818069458,1.5852681398391724,14.064237594604492,0.0008192930100979767,-0.17243013678751495,HKWB,4459,0.05,FEW-LONG,1,6,144,1,1
0.6236497290594974,0.686257650473714,0.6174254559127139,0.7002803382210298,1.1003895592300397,1.1341941468639887,-10.038955923003968,-13.419414686398866,0.06260792141421656,0.08285488230831584,1036,1064,3144,8.787063706563707,4.362021212875808,0.6600322328678103,2025-09-20 13:40:00,2025-09-29 04:20:00,4.185299396514893,1.4722471237182617,21.32760238647461,0.020246960894099275,-3.3804587633948984,HKWB,4459,0.05,FEW-LONG,1,7,144,1,1
0.530742125394201,0.5756643236873351,0.5297152643432087,0.5918713393506019,1.0846403481912592,1.117338651897185,-8.46403481912592,-11.733865189718507,0.04492219829313415,0.062156075007393174,1036,1064,3144,8.097284749034749,3.5146331175204146,0.5308199184284335,2025-09-21 23:50:00,2025-09-29 04:20:00,3.3994054794311523,1.4957903623580933,14.116756439208984,0.017233876714259022,-3.2698303705925866,HKWB,4459,0.05,FEW-LONG,1,8,144,1,1
0.530742125394201,0.5805640196242896,0.5297152643432087,0.586801270525818,1.093872130826405,1.1077673422407224,-9.3872130826405,-10.776734224072237,0.04982189423008865,0.057086006182609283,1036,1064,3144,8.097284749034749,3.5146331175204146,0.5308199184284335,2025-09-21 23:50:00,2025-09-29 04:20:00,3.384234666824341,1.567051649093628,14.20197868347168,0.0072641119525206355,-1.3895211414317377,HKWB,4459,0.05,FEW-LONG,1,9,144,1,1
0.5322649489387085,0.5760431188564655,0.5297152643432087,0.5792908080383029,1.082248831160209,1.0935890411928428,-8.224883116020898,-9.358904119284283,0.04377816991775707,0.049575543695094204,1036,1064,3144,8.121,3.5379529790336783,0.5412034805520614,2025-09-20 13:40:00,2025-09-29 04:20:00,3.420131206512451,1.4722471237182617,14.36610221862793,0.005797373777337134,-1.1340210032633848,HKWB,4459,0.05,FEW-LONG,1,10,144,1,1
0.530742125394201,0.5842218199572016,0.5297152643432087,0.5844718250100653,1.1007639906541795,1.103369799499263,-10.076399065417952,-10.336979949926306,0.05347969456300061,0.054756560666856635,1036,1064,3144,8.097284749034749,3.5146331175204146,0.5308199184284335,2025-09-21 23:50:00,2025-09-29 04:20:00,3.408043622970581,1.50475013256073,14.073860168457031,0.0012768661038560225,-0.2605808845083537,HKWB,4459,0.05,FEW-LONG,1,11,144,1,1
0.530742125394201,0.5873358834223278,0.5297152643432087,0.5684659829823723,1.1066313663836136,1.0731538644392482,-10.663136638361358,-7.315386443924821,0.05659375802812683,0.03875071863916357,1036,1064,3144,8.097284749034749,3.5146331175204146,0.5308199184284335,2025-09-21 23:50:00,2025-09-29 04:20:00,3.4149863719940186,1.6375044584274292,14.0402250289917,-0.017843039388963255,3.3477501944365375,HKWB,4459,0.05,FEW-LONG,1,12,144,1,1
0.6302096076813647,0.6933496402163789,0.6178808496473266,0.6978877977931572,1.1001889399422453,1.1294860460418816,-10.01889399422453,-12.948604604188162,0.06314003253501421,0.08000694814583065,1036,1064,3144,8.609872586872587,4.4436531535022805,0.639854326431014,2025-09-20 13:40:00,2025-09-29 04:20:00,4.277020454406738,1.4722471237182617,21.32760238647461,0.016866915610816435,-2.9297106099636316,HKWB,4459,0.05,FEW-LONG,1,13,144,1,1
0.530742125394201,0.5985787932778162,0.5297152643432087,0.5914445723841482,1.1278147421089488,1.1165329983788126,-12.781474210894883,-11.65329983788126,0.0678366678836152,0.06172930804093946,1036,1064,3144,8.097284749034749,3.5146331175204146,0.5308199184284335,2025-09-21 23:50:00,2025-09-29 04:20:00,3.415170907974243,1.5092483758926392,14.146685600280762,-0.006107359842675741,1.128174373013623,HKWB,4459,0.05,FEW-LONG,1,14,144,1,1
0.7849771412559021,1.0337100462219317,0.7645059810807135,1.0457128505577389,1.3168664307448195,1.367828213821831,-31.686643074481946,-36.782821382183094,0.24873290496602962,0.28120686947702533,1033,1063,3141,9.060909970958374,4.5628632907522215,0.5343331900980719,2025-09-20 13:30:00,2025-09-29 04:00:00,4.250938892364502,2.463810920715332,22.211942672729492,0.03247396451099571,-5.096178307701148,HKWB,4459,0.05,FEW-LONG,3,0,144,1,1
0.8900228327340799,1.01233274222339,0.8822618317671,0.9860318068825272,1.1374233390323076,1.1176181167302504,-13.742333903230763,-11.761811673025036,0.1223099094893102,0.10376997511542718,1033,1063,3141,8.091210067763795,3.517922113069823,0.5315875785697801,2025-09-22 00:00:00,2025-09-29 04:00:00,3.169797897338867,2.340731382369995,14.494524955749512,-0.018539934373883016,1.980522230205727,HKWB,4459,0.05,FEW-LONG,3,1,144,1,1
0.7646414075179274,1.030091096860001,0.7987570912830023,1.0645873395495933,1.3471557866631099,1.3328048679224889,-34.71557866631099,-33.28048679224889,0.2654496893420736,0.26583024826659096,1033,1063,3141,9.024902226524686,4.555418722764605,0.5209753642288716,2025-09-20 13:30:00,2025-09-29 04:00:00,4.244983196258545,2.463810920715332,22.211942672729492,0.0003805589245173824,1.4350918740621026,HKWB,4459,0.05,FEW-LONG,3,2,144,1,1
0.9287834197765847,1.1188446117487385,0.9436015684798481,1.142554920721289,1.2046345659549695,1.210844660381348,-20.463456595496954,-21.084466038134806,0.19006119197215376,0.19895335224144095,1033,1063,3141,8.819010648596322,4.54317239538781,0.5897459450863639,2025-09-20 13:30:00,2025-09-29 04:00:00,4.240931987762451,2.463810920715332,22.211942672729492,0.008892160269287186,-0.6210094426378525,HKWB,4459,0.05,FEW-LONG,3,3,144,1,1
0.8900228327340799,1.018980779597266,0.8822618317671,1.022711878451068,1.1448928523182238,1.1591931574356535,-14.489285231822379,-15.919315743565354,0.12895794686318618,0.140450046683968,1033,1063,3141,8.091210067763795,3.517922113069823,0.5315875785697801,2025-09-22 00:00:00,2025-09-29 04:00:00,3.2088913917541504,2.4230399131774902,14.791300773620605,0.01149209982078181,-1.4300305117429755,HKWB,4459,0.05,FEW-LONG,3,4,144,1,1
0.8900228327340799,1.0132178421187972,0.8822618317671,1.016519841100607,1.1384178077839553,1.152174790407286,-13.84178077839553,-15.217479040728609,0.12319500938471728,0.13425800933350684,1033,1063,3141,8.091210067763795,3.517922113069823,0.5315875785697801,2025-09-22 00:00:00,2025-09-29 04:00:00,3.170614004135132,2.4566359519958496,14.619216918945312,0.011062999948789565,-1.3756982623330796,HKWB,4459,0.05,FEW-LONG,3,5,144,1,1
0.8900228327340799,1.0035249362750909,0.8822618317671,0.9887165205589107,1.1275271817379577,1.1206611064411462,-12.752718173795774,-12.066110644114625,0.11350210354101098,0.10645468879181064,1033,1063,3141,8.091210067763795,3.517922113069823,0.5315875785697801,2025-09-22 00:00:00,2025-09-29 04:00:00,3.178463935852051,2.191009521484375,14.766990661621094,-0.0070474147492003425,0.6866075296811491,HKWB,4459,0.05,FEW-LONG,3,6,144,1,1
0.9967554926363225,1.1641570040702613,0.9877308796867372,1.1732077454480092,1.1679464148135046,1.1877807706286319,-16.79464148135046,-18.778077062863186,0.1674015114339389,0.18547686576127198,1033,1063,3141,8.79176669893514,4.364960718309583,0.6563478090254247,2025-09-20 13:30:00,2025-09-29 04:00:00,4.0500102043151855,2.463810920715332,22.211942672729492,0.018075354327333093,-1.983435581512726,HKWB,4459,0.05,FEW-LONG,3,7,144,1,1
0.8900228327340799,1.0159794504835062,0.8822618317671,1.0283465418981739,1.141520658927926,1.1655797688068152,-14.15206589279261,-16.557976880681522,0.12595661774942635,0.14608471013107382,1033,1063,3141,8.091210067763795,3.517922113069823,0.5315875785697801,2025-09-22 00:00:00,2025-09-29 04:00:00,3.2092480659484863,2.4132447242736816,14.759462356567383,0.020128092381647478,-2.4059109878889124,HKWB,4459,0.05,FEW-LONG,3,8,144,1,1
0.8900228327340799,1.0252395692974878,0.8822618317671,1.0235474208301025,1.151925019887448,1.160140203254649,-15.1925019887448,-16.014020325464905,0.13521673656340794,0.14128558906300248,1033,1063,3141,8.091210067763795,3.517922113069823,0.5315875785697801,2025-09-22 00:00:00,2025-09-29 04:00:00,3.217390537261963,2.393693208694458,14.566080093383789,0.006068852499594546,-0.8215183367201053,HKWB,4459,0.05,FEW-LONG,3,9,144,1,1
0.890370955573326,1.0151631276108957,0.8822618317671,1.0213319157292278,1.1401575054267283,1.1576290381774552,-14.015750542672833,-15.76290381774552,0.12479217203756965,0.13907008396212772,1033,1063,3141,8.114854791868344,3.5410947315199075,0.5368043259857089,2025-09-20 13:30:00,2025-09-29 04:00:00,3.2394378185272217,2.463810920715332,14.861523628234863,0.014277911924558073,-1.7471532750726873,HKWB,4459,0.05,FEW-LONG,3,10,144,1,1
0.8900228327340799,1.010223407071213,0.8822618317671,0.9913734850667123,1.135053360336708,1.123672643846635,-13.50533603367079,-12.367264384663489,0.12020057433713316,0.10911165329961225,1033,1063,3141,8.091210067763795,3.517922113069823,0.5315875785697801,2025-09-22 00:00:00,2025-09-29 04:00:00,3.218107223510742,2.1793785095214844,14.694756507873535,-0.011088921037520905,1.1380716490073013,HKWB,4459,0.05,FEW-LONG,3,11,144,1,1
0.8900228327340799,0.9931749595947358,0.8822618317671,0.9979793603336343,1.1158982927929846,1.1311600756146973,-11.589829279298458,-13.116007561469733,0.10315212686065589,0.11571752856653428,1033,1063,3141,8.091210067763795,3.517922113069823,0.5315875785697801,2025-09-22 00:00:00,2025-09-29 04:00:00,3.2262089252471924,2.290217161178589,14.81915283203125,0.012565401705878387,-1.5261782821712746,HKWB,4459,0.05,FEW-LONG,3,12,144,1,1
1.0077705897035507,1.1751177697804338,0.9834495048065423,1.172957549909972,1.1660568206560886,1.1926972805184426,-16.60568206560886,-19.26972805184426,0.1673471800768831,0.18950804510342978,1033,1063,3141,8.598949661181026,4.445183503615511,0.6399052881542893,2025-09-20 13:30:00,2025-09-29 04:00:00,4.171680450439453,2.463810920715332,22.211942672729492,0.022160865026546683,-2.6640459862354007,HKWB,4459,0.05,FEW-LONG,3,13,144,1,1
0.8900228327340799,1.0192399415402273,0.8822618317671,1.0249368199269286,1.145184038042263,1.1617150181755704,-14.51840380422631,-16.171501817557044,0.12921710880614745,0.1426749881598286,1033,1063,3141,8.091210067763795,3.517922113069823,0.5315875785697801,2025-09-22 00:00:00,2025-09-29 04:00:00,3.2527711391448975,2.2829744815826416,14.701395988464355,0.013457879353681146,-1.6530980133307338,HKWB,4459,0.05,FEW-LONG,3,14,144,1,1
0.2826008728460217,3.500053043633224,0.6222318313713053,0.7306355463254648,12.38514590696352,1.1742175656864966,-1138.5145906963521,-17.42175656864966,3.2174521707872024,0.10840371495415946,150,989,488,3.329773333333333,1.9207551332628412,0.3371976025168353,2025-09-27 16:50:00,2025-09-29 04:20:00,0.21195366978645325,5.534060001373291,6.536829948425293,-3.109048455833043,1121.0928341277024,HKWB,4459,0.1,MANY-SHORT,1,1,3,148,148
0.2808750893003395,1.002758342653433,0.6042829383370156,0.6428899313201036,3.5701220252436996,1.0638889343613347,-257.01220252436997,-6.388893436133469,0.7218832533530934,0.03860699298308801,152,989,495,3.400190789473684,1.954817947283181,0.2793588155681171,2025-09-28 03:10:00,2025-09-29 04:20:00,1.5514345169067383,2.36242413520813,7.528657913208008,-0.6832762603700054,250.6233090882365,HKWB,4459,0.1,MANY-SHORT,1,4,3,148,148
0.28266546966676964,2.905443814752627,0.5560415772147858,0.6302330516705498,10.278736267920571,1.1334279260687472,-927.8736267920572,-13.34279260687472,2.6227783450858575,0.07419147445576402,155,989,503,3.45641935483871,1.9768306888878004,0.2790139514862419,2025-09-28 02:40:00,2025-09-29 04:20:00,0.29222509264945984,5.350393772125244,6.461423397064209,-2.5485868706300936,914.5308341851825,HKWB,4459,0.1,MANY-SHORT,1,8,3,148,148
0.3202588748396838,1.7396354565427223,0.5855143107465255,0.6764423738969481,5.431966428451217,1.1552960559315624,-443.1966428451217,-15.529605593156237,1.4193765817030386,0.09092806315042257,162,989,522,3.459802469135802,1.9181010569532726,0.32013817989471827,2025-09-26 20:50:00,2025-09-29 04:20:00,0.9654530882835388,3.5919077396392822,6.600766658782959,-1.328448518552616,427.66703725196544,HKWB,4459,0.1,MANY-SHORT,1,14,3,148,148
0.5022347770135298,2.7683537001495937,0.8960969376467699,1.060995898363385,5.5120709016034874,1.184019109751289,-451.20709016034874,-18.40191097512891,2.266118923136064,0.16489896071661503,153,988,501,3.408320261437908,1.9512347779984138,0.3033094164438879,2025-09-26 21:40:00,2025-09-29 04:00:00,0.6287959814071655,4.73185396194458,6.855498790740967,-2.101219962419449,432.80517918521986,HKWB,4459,0.1,MANY-SHORT,3,14,3,148,148
0.5629940588894591,0.6428663332455542,0.5651476086443715,0.6045059750229521,1.1418705456921663,1.069642631016329,-14.187054569216627,-6.964263101632895,0.07987227435609512,0.03935836637858059,667,992,2037,7.525586206896551,3.5373137415892923,0.6370359584616744,2025-09-21 15:00:00,2025-09-29 04:20:00,3.4103853702545166,1.5551766157150269,13.446453094482422,-0.04051390797751453,7.222791467583733,HKWB,4459,0.1,MEDIUM,1,0,18,24,24
0.418274731580975,0.8645025423534417,0.5282670666907033,0.628460198355145,2.0668294713520847,1.1896637855774266,-106.68294713520848,-18.966378557742658,0.4462278107724667,0.10019313166444166,695,992,2123,7.863867625899279,4.04947624570036,0.4517634451899978,2025-09-22 03:30:00,2025-09-29 04:20:00,3.6017231941223145,2.96579647064209,14.236374855041504,-0.34603467910802505,87.71656857746582,HKWB,4459,0.1,MEDIUM,1,1,18,24,24
0.40992201028626646,0.5098939131813665,0.48563519055609183,0.5723121597990148,1.2438803001216872,1.1784816482176073,-24.388030012168716,-17.848164821760726,0.0999719028951,0.08667696924292301,642,992,1963,7.583172897196263,3.865720381940818,0.4317390499438062,2025-09-23 02:00:00,2025-09-29 04:20:00,3.809026002883911,1.1248418092727661,13.974186897277832,-0.013294933652176988,6.5398651904079905,HKWB,4459,0.1,MEDIUM,1,2,18,24,24
0.4100432288689625,0.6689797237632369,0.5373612517844535,0.6562202334413831,1.631485845062016,1.221190086300838,-63.1485845062016,-22.119008630083805,0.2589364948942744,0.11885898165692965,654,992,2001,6.929318042813456,3.768514974890527,0.41730364456350066,2025-09-23 13:50:00,2025-09-29 04:20:00,3.5798234939575195,2.1972975730895996,14.234857559204102,-0.14007751323734474,41.029575876117796,HKWB,4459,0.1,MEDIUM,1,3,18,24,24
0.6459437101865454,0.7582420864100037,0.6027345322201518,0.6514501281462003,1.1738516444273868,1.0808242987947052,-17.385164442738677,-8.08242987947052,0.11229837622345828,0.04871559592604846,636,992,1947,7.6237279874213835,3.4953549670699364,0.7007003946978811,2025-09-21 14:00:00,2025-09-29 04:20:00,3.3426802158355713,1.6305456161499023,14.462498664855957,-0.06358278029740982,9.302734563268157,HKWB,4459,0.1,MEDIUM,1,4,18,24,24
0.419134219300715,0.5318805401075484,0.5369192023374744,0.5819274235191466,1.268998129035944,1.0838268048259947,-26.899812903594402,-8.382680482599469,0.11274632080683339,0.04500822118167225,644,992,1968,8.482086956521739,3.8397587792883283,0.43007033341463546,2025-09-23 14:50:00,2025-09-29 04:20:00,3.679051637649536,1.429892659187317,14.35034465789795,-0.06773809962516114,18.517132420994933,HKWB,4459,0.1,MEDIUM,1,5,18,24,24
0.548219609956394,0.8637522374153512,0.5314050143859353,0.637121744701636,1.575558812068133,1.1989381497234486,-57.5558812068133,-19.89381497234486,0.31553262745895727,0.10571673031570061,675,992,2061,8.529927407407408,3.5286717394935856,0.5956927153798791,2025-09-21 20:30:00,2025-09-29 04:20:00,3.1134798526763916,2.5033841133117676,14.03412914276123,-0.20981589714325666,37.66206623446844,HKWB,4459,0.1,MEDIUM,1,6,18,24,24
0.5473488004347405,0.707412817079327,0.6014779981496119,0.6640446388239146,1.2924351282353284,1.1040214951615568,-29.243512823532836,-10.402149516155678,0.16006401664458647,0.06256664067430273,664,992,2031,8.07847439759036,5.216988480875291,0.6063745331140242,2025-09-20 09:00:00,2025-09-29 04:20:00,5.072267532348633,1.4866163730621338,22.031089782714844,-0.09749737597028374,18.841363307377158,HKWB,4459,0.1,MEDIUM,1,7,18,24,24
0.5312282639068576,0.8988028957980897,0.5320802762393126,0.6103972292964908,1.6919334999006763,1.1471901074979025,-69.19334999006763,-14.71901074979025,0.3675746318912321,0.07831695305717812,664,992,2031,8.292680722891566,3.83088797908567,0.5549823648391835,2025-09-22 09:10:00,2025-09-29 04:20:00,3.420950412750244,2.9771764278411865,14.010493278503418,-0.28925767883405396,54.47433924027738,HKWB,4459,0.1,MEDIUM,1,8,18,24,24
0.6241558899534714,0.7009606265509949,0.5809048220650154,0.6162909238223208,1.1230537720364204,1.0609154897897284,-12.305377203642042,-6.091548978972838,0.07680473659752352,0.03538610175730539,687,992,2100,7.458317321688502,3.9165816402844094,0.7325594998798259,2025-09-19 11:00:00,2025-09-29 04:20:00,3.839937210083008,1.50640869140625,21.40990447998047,-0.04141863484021813,6.213828224669204,HKWB,4459,0.1,MEDIUM,1,9,18,24,24
0.48866096333960224,0.639165575317191,0.574987726902679,0.6273503019597653,1.307993932948954,1.0910672917127309,-30.799393294895406,-9.106729171273088,0.15050461197758874,0.0523625750570863,674,992,2059,7.59093471810089,3.757839574640635,0.5933051684027972,2025-09-20 07:40:00,2025-09-29 04:20:00,3.585850715637207,1.5589866638183594,17.05757713317871,-0.09814203692050244,21.69266412362232,HKWB,4459,0.1,MEDIUM,1,10,18,24,24
0.5576449116898964,0.6152592715822476,0.5321800672628912,0.5738273320724466,1.1033172879095332,1.0782578442363608,-10.33172879095332,-7.825784423636084,0.0576143598923512,0.041647264809555384,669,992,2045,7.994364723467862,3.667519459805636,0.6135998903754978,2025-09-21 19:10:00,2025-09-29 04:20:00,3.5390689373016357,1.3332027196884155,14.362987518310547,-0.015967095082795812,2.5059443673172366,HKWB,4459,0.1,MEDIUM,1,11,18,24,24
0.5823468730894114,0.8798233927915822,0.5828085339958459,1.2013525739352386,1.5108235889102084,2.061316030667117,-51.08235889102084,-106.1316030667117,0.2974765197021708,0.6185440399393928,670,992,2046,8.035250746268657,3.686236119022493,0.6397800266250202,2025-09-21 15:40:00,2025-09-29 04:20:00,3.3461506366729736,2.781850814819336,14.071649551391602,0.32106752023722196,-55.049244175690866,HKWB,4459,0.1,MEDIUM,1,12,18,24,24
0.6141891308346104,0.6922153615457358,0.6123402416733532,0.6770417711579696,1.1270394196085773,1.1056627101753191,-12.703941960857733,-10.566271017531914,0.07802623071112547,0.06470152948461638,735,992,2244,9.122492517006801,4.92000461447005,0.659672836833279,2025-09-19 08:30:00,2025-09-29 04:20:00,4.761914253234863,1.2305071353912354,21.017593383789062,-0.013324701226509084,2.137670943325819,HKWB,4459,0.1,MEDIUM,1,13,18,24,24
0.45920333613631636,0.5889999617679422,0.5265728771591615,0.621784060486678,1.2826561033369652,1.1808129272460384,-28.26561033369652,-18.081292724603838,0.12979662563162586,0.09521118332751655,689,992,2106,6.9761828737300435,3.6092115584929667,0.46136829828865067,2025-09-22 14:20:00,2025-09-29 04:20:00,3.4737863540649414,1.807894229888916,14.398008346557617,-0.034585442304109315,10.184317609092684,HKWB,4459,0.1,MEDIUM,1,14,18,24,24
0.9281988353055586,1.0815323910040995,0.9101483135034413,1.0264054662628974,1.1651947296917953,1.1277342945480462,-16.519472969179528,-12.773429454804619,0.1533335556985409,0.11625715275945614,655,991,2009,7.515656488549618,3.5460607628618384,0.6342266200351155,2025-09-21 15:00:00,2025-09-29 04:00:00,3.185559034347534,2.07600998878479,13.490180015563965,-0.03707640293908476,3.746043514374909,HKWB,4459,0.1,MEDIUM,3,0,18,24,24
0.6578558624550087,1.2811726574484772,0.7870681478911615,1.0496335283059341,1.9474975151355403,1.3335992964755081,-94.74975151355403,-33.359929647550814,0.6233167949934685,0.2625653804147726,685,991,2099,7.846004379562044,4.066967767858301,0.46332924735739806,2025-09-22 03:50:00,2025-09-29 04:00:00,3.3997600078582764,3.8489880561828613,14.43556022644043,-0.36075141457869586,61.38982186600322,HKWB,4459,0.1,MEDIUM,3,1,18,24,24
0.6484158461387333,0.8199963233788762,0.7524581727348297,0.8570030319579566,1.2646148737139777,1.138937768252494,-26.461487371397773,-13.893776825249393,0.17158047724014291,0.10454485922312684,630,991,1935,7.555577777777778,3.8876330942742845,0.43096481923747987,2025-09-23 16:10:00,2025-09-29 04:00:00,3.6178135871887207,1.5853990316390991,14.310912132263184,-0.06703561801701607,12.56771054614838,HKWB,4459,0.1,MEDIUM,3,2,18,24,24
0.669222879482135,1.3149545042357371,0.892677151308475,1.048607252301789,1.9648977112875892,1.1746769263274563,-96.48977112875892,-17.467692632745635,0.6457316247536021,0.15593010099331406,644,991,1974,6.9025559006211195,3.788314801146996,0.4184489394124789,2025-09-23 14:50:00,2025-09-29 04:00:00,3.2834575176239014,2.7037086486816406,13.99785327911377,-0.48980152376028807,79.02207849601328,HKWB,4459,0.1,MEDIUM,3,3,18,24,24
1.0521812343506909,1.2902478135684656,0.9630528606004954,1.0518665575845447,1.2262600504985126,1.0922209990931038,-22.626005049851262,-9.222099909310376,0.23806657921777474,0.08881369698404928,623,991,1914,7.6058089887640445,3.4847849081357323,0.7213002798938029,2025-09-21 14:10:00,2025-09-29 04:00:00,3.181624174118042,2.5612499713897705,14.079682350158691,-0.14925288223372546,13.403905140540886,HKWB,4459,0.1,MEDIUM,3,4,18,24,24
0.6522738550348506,1.056975766916931,0.8992094818395048,1.0152211093226708,1.620447851402012,1.1290151292064248,-62.0447851402012,-12.901512920642478,0.4047019118820805,0.11601162748316607,632,991,1940,8.48467246835443,3.870512983860066,0.4331472555037253,2025-09-23 16:10:00,2025-09-29 04:00:00,3.335815906524658,2.2740976810455322,14.756993293762207,-0.2886902843989144,49.143272219558725,HKWB,4459,0.1,MEDIUM,3,5,18,24,24
0.9355943917979924,1.3799801264759697,0.9007727241122152,1.00774121353396,1.4749769115481468,1.1187519188341,-47.49769115481468,-11.875191883409997,0.44438573467797726,0.10696848942174486,664,991,2036,8.52228313253012,3.542306107806359,0.605498407656193,2025-09-21 20:40:00,2025-09-29 04:00:00,2.876434564590454,3.12715482711792,14.162490844726562,-0.3374172452562324,35.622499271404685,HKWB,4459,0.1,MEDIUM,3,6,18,24,24
0.9400630978138451,1.1603095479152,0.9479195638320053,1.0913681133408908,1.2342890074225303,1.1513298754263375,-23.428900742253035,-15.132987542633746,0.2202464501013548,0.14344854950888553,653,991,2004,8.046087289433384,5.242844585203826,0.613274859935723,2025-09-20 08:50:00,2025-09-29 04:00:00,4.926170825958252,2.3131818771362305,22.237247467041016,-0.07679790059246927,8.295913199619289,HKWB,4459,0.1,MEDIUM,3,7,18,24,24
0.9170871057708804,1.4657710856605555,0.9014694792381945,1.1016303033128603,1.5982899295356083,1.2220383814256428,-59.828992953560835,-22.20383814256428,0.5486839798896751,0.20016082407466573,653,991,2002,8.2849663093415,3.8423000826793903,0.5724486251686757,2025-09-22 09:20:00,2025-09-29 04:00:00,3.1443068981170654,3.759023904800415,14.601303100585938,-0.34852315581500937,37.625154810996555,HKWB,4459,0.1,MEDIUM,3,8,18,24,24
1.0942059827308648,1.2975597122669014,0.9291652265143544,1.0674244100859183,1.1858459309722622,1.148799351962649,-18.58459309722622,-14.879935196264892,0.2033537295360366,0.13825918357156386,677,991,2074,7.386769571639587,3.848443914666369,0.7231741010945725,2025-09-19 10:00:00,2025-09-29 04:00:00,3.6734862327575684,2.291231632232666,21.795848846435547,-0.06509454596447273,3.7046579009613296,HKWB,4459,0.1,MEDIUM,3,9,18,24,24
0.8143920883731782,1.22378659984211,0.9337749341510724,1.0465567404856113,1.5026995194498196,1.1207805031060005,-50.26995194498196,-12.078050310600052,0.4093945114689318,0.11278180633453894,663,991,2034,7.531831070889895,3.7389221063651448,0.5786850676092469,2025-09-20 07:30:00,2025-09-29 04:00:00,3.229759454727173,2.802950143814087,16.6041202545166,-0.29661270513439286,38.19190163438191,HKWB,4459,0.1,MEDIUM,3,10,18,24,24
0.9734951093680573,1.1189703358206649,0.8875765250332565,1.0208439361770743,1.149436011596445,1.1501475167325144,-14.943601159644505,-15.014751673251435,0.14547522645260758,0.1332674111438178,658,991,2016,7.987075987841945,3.682916985638046,0.6183246301259794,2025-09-21 19:00:00,2025-09-29 04:00:00,3.280508279800415,2.2321970462799072,14.180298805236816,-0.012207815308789782,-0.07115051360693059,HKWB,4459,0.1,MEDIUM,3,11,18,24,24
0.944772085379892,1.2216798374640807,0.9445265750943886,1.5016014649832665,1.2930947647260813,1.5897927115848574,-29.309476472608132,-58.97927115848574,0.2769077520841887,0.5570748898888779,658,991,2018,8.030367781155014,3.6927024566198234,0.6359641932176036,2025-09-21 15:40:00,2025-09-29 04:00:00,3.2163867950439453,2.9461588859558105,14.636713027954102,0.28016713780468916,-29.669794685877605,HKWB,4459,0.1,MEDIUM,3,12,18,24,24
0.9690101438437458,1.1855653671982207,0.9002091555374344,1.0883360111128364,1.2234808631573981,1.2089812733165197,-22.348086315739813,-20.89812733165197,0.21655522335447486,0.18812685557540199,727,991,2224,9.128830811554332,4.936742714887862,0.6756249870950367,2025-09-19 08:10:00,2025-09-29 04:00:00,4.592698574066162,2.1978464126586914,21.66632843017578,-0.02842836777907287,1.4499589840878429,HKWB,4459,0.1,MEDIUM,3,13,18,24,24
0.7033178241082724,0.9484940597959456,0.8616518521004017,0.9895721079811919,1.3485994912734212,1.148459329100223,-34.85994912734212,-14.845932910022297,0.24517623568767322,0.12792025588079015,679,991,2082,6.923500736377025,3.6062415982600986,0.462859023281521,2025-09-22 14:40:00,2025-09-29 04:00:00,3.3725244998931885,2.1389851570129395,14.87767219543457,-0.11725597980688307,20.01401621731982,HKWB,4459,0.1,MEDIUM,3,14,18,24,24
0.5067871500285733,0.590034178363918,0.5011256432096227,0.567971189261734,1.1642642839911215,1.1333907912274797,-16.426428399112147,-13.339079122747965,0.0832470283353447,0.06684554605211124,933,992,2837,8.202601286173634,3.7642855240566093,0.5063777894258309,2025-09-21 06:50:00,2025-09-29 04:20:00,3.6907713413238525,1.5770069360733032,18.523557662963867,-0.01640148228323346,3.0873492763641828,HKWB,4459,0.1,FEW-LONG,1,0,144,3,3
0.5238032178042138,0.5929233218914945,0.5249552717121594,0.6713456838017233,1.1319581509579735,1.2788626383579436,-13.195815095797347,-27.886263835794356,0.06912010408728075,0.14639041208956394,947,992,2877,7.858123548046462,3.577358762180914,0.5239857079236229,2025-09-22 14:40:00,2025-09-29 04:20:00,3.4637277126312256,1.6207445859909058,14.179009437561035,0.07727030800228318,-14.69044873999701,HKWB,4459,0.1,FEW-LONG,1,1,144,3,3
0.49111811424913127,0.5638983821341758,0.5193349451772508,0.5651831625633906,1.148193002402931,1.0882825579366544,-14.8193002402931,-8.828255793665441,0.07278026788504449,0.04584821738613987,933,992,2837,8.166420150053591,3.747433045162454,0.49085295600828815,2025-09-21 06:50:00,2025-09-29 04:20:00,3.6387276649475098,1.5825767517089844,18.313379287719727,-0.026932050498904625,5.991044446627658,HKWB,4459,0.1,FEW-LONG,1,2,144,3,3
0.5669373050207782,0.632451239191716,0.5755622522803246,0.6289401515281208,1.1155576350166914,1.092740444732638,-11.555763501669137,-9.27404447326381,0.06551393417093776,0.05337789924779612,933,992,2837,7.931912111468382,3.674061262055187,0.5701406798399327,2025-09-21 06:50:00,2025-09-29 04:20:00,3.6399004459381104,1.424306869506836,17.774463653564453,-0.012136034923141636,2.281719028405327,HKWB,4459,0.1,FEW-LONG,1,3,144,3,3
0.6221849960792972,0.6916346109558283,0.6633143389814419,0.7324733074368537,1.111622130578796,1.1042627369726539,-11.162213057879612,-10.426273697265387,0.06944961487653112,0.0691589684554118,933,992,2837,8.711832797427652,4.689780957311666,0.6769107030102844,2025-09-18 10:30:00,2025-09-29 04:20:00,4.515626907348633,1.5359050035476685,21.059078216552734,-0.0002906464211193116,0.7359393606142248,HKWB,4459,0.1,FEW-LONG,1,4,144,3,3
0.5275095301455952,0.5885515356585828,0.5359679694855991,0.5927008494259511,1.1157173511085945,1.1058512507656046,-11.57173511085945,-10.585125076560464,0.06104200551298755,0.05673287994035203,933,992,2837,7.901453376205788,3.6714806285198964,0.5265118085170658,2025-09-21 06:50:00,2025-09-29 04:20:00,3.5750961303710938,1.49055016040802,17.922958374023438,-0.004309125572635519,0.9866100342989856,HKWB,4459,0.1,FEW-LONG,1,5,144,3,3
0.5177910394718529,0.6544784292303923,0.5249552717121594,0.9448640196085034,1.2639817597036067,1.7998943348578964,-26.398175970360672,-79.98943348578965,0.13668738975853945,0.419908747896344,933,992,2837,7.819770632368702,3.5882455718553126,0.5179731247503386,2025-09-22 17:00:00,2025-09-29 04:20:00,3.389587163925171,2.3561952114105225,14.10883617401123,0.2832213581378046,-53.59125751542898,HKWB,4459,0.1,FEW-LONG,1,6,144,3,3
0.6049222337590463,0.6542590950141625,0.6000828932994551,0.67036762657837,1.081559014534037,1.117125040663076,-8.155901453403702,-11.712504066307595,0.04933686125511616,0.07028473327891493,933,992,2837,7.895163987138264,3.4208804561537534,0.6466238417058389,2025-09-21 06:50:00,2025-09-29 04:20:00,3.326253652572632,1.481527328491211,18.351261138916016,0.020947872023798775,-3.556602612903893,HKWB,4459,0.1,FEW-LONG,1,7,144,3,3
0.5177910394718529,1.05436688058811,0.5249552717121594,1.1721298302167376,2.036278730631501,2.232818476884319,-103.62787306315009,-123.28184768843191,0.536575841116257,0.6471745585045782,933,992,2837,7.819770632368702,3.5882455718553126,0.5179731247503386,2025-09-22 17:00:00,2025-09-29 04:20:00,3.139084577560425,3.83393931388855,14.323091506958008,0.11059871738832117,-19.65397462528182,HKWB,4459,0.1,FEW-LONG,1,8,144,3,3
0.6438027806435881,0.727339171633507,0.6623446318121122,0.7389034558430311,1.1297546290595553,1.115587596477473,-12.975462905955526,-11.558759647747308,0.08353639098991894,0.07655882403091885,933,992,2837,9.366491961414791,4.586120172316685,0.7179010017382944,2025-09-19 20:40:00,2025-09-29 04:20:00,4.427058696746826,1.486235499382019,21.023874282836914,-0.006977566959000092,1.4167032582082175,HKWB,4459,0.1,FEW-LONG,1,9,144,3,3
0.5737346438784056,0.624365298205905,0.6254546410927943,0.694288255509147,1.0882475110536116,1.1100537271513193,-8.824751105361162,-11.005372715131934,0.05063065432749947,0.06883361441635272,933,992,2837,8.31953697749196,3.589277235889008,0.6468662777916754,2025-09-19 20:40:00,2025-09-29 04:20:00,3.4535012245178223,1.5227657556533813,13.992992401123047,0.01820296008885325,-2.180621609770771,HKWB,4459,0.1,FEW-LONG,1,10,144,3,3
0.5177910394718529,0.5789802127772331,0.5249552717121594,0.5771444000483544,1.1181734882237306,1.0994163334449019,-11.817348822373063,-9.941633344490185,0.06118917330538021,0.052189128336195045,933,992,2837,7.819770632368702,3.5882455718553126,0.5179731247503386,2025-09-22 17:00:00,2025-09-29 04:20:00,3.486423969268799,1.490930199623108,14.264571189880371,-0.009000044969185161,1.8757154778828777,HKWB,4459,0.1,FEW-LONG,1,11,144,3,3
0.6053245876199624,0.65230240116578,0.6386468045229847,0.7051624960012357,1.0776076414317262,1.1041509814300763,-7.760764143172616,-10.41509814300763,0.04697781354581754,0.06651569147825098,933,992,2837,8.892116827438372,3.4214064338046044,0.6416861907042487,2025-09-21 06:50:00,2025-09-29 04:20:00,3.314251184463501,1.5243710279464722,17.658246994018555,0.019537877932433445,-2.6543339998350133,HKWB,4459,0.1,FEW-LONG,1,12,144,3,3
0.6023939558361016,0.6764873583614571,0.6392371918935881,0.7248699792391968,1.122998250243923,1.1339608965678953,-12.299825024392309,-13.396089656789535,0.07409340252535557,0.08563278734560875,933,992,2837,8.628131832797429,4.69655961409757,0.6242800253200359,2025-09-19 20:40:00,2025-09-29 04:20:00,4.571056365966797,1.4192328453063965,21.26663589477539,0.011539384820253185,-1.0962646323972258,HKWB,4459,0.1,FEW-LONG,1,13,144,3,3
0.5059380863968249,0.5987378846328139,0.5995270372108118,0.6412973987415026,1.1834212539658515,1.0696721898065176,-18.342125396585153,-6.967218980651757,0.09279979823598894,0.0417703615306908,933,992,2837,8.141744908896033,3.7396282881361342,0.5107806362105497,2025-09-21 06:50:00,2025-09-29 04:20:00,3.6778905391693115,1.4063127040863037,18.309799194335938,-0.05102943670529814,11.374906415933395,HKWB,4459,0.1,FEW-LONG,1,14,144,3,3
0.7221784626876241,0.9485021305888767,0.719743871922877,0.9814646326387718,1.3133902208312576,1.3636304120473832,-31.339022083125755,-36.36304120473832,0.22632366790125258,0.2617207607158948,929,991,2831,8.181547900968782,3.7516366521235702,0.5052388602615238,2025-09-21 06:50:00,2025-09-29 04:00:00,3.5184900760650635,2.2773396968841553,17.9986629486084,0.035397092814642206,-5.024019121612568,HKWB,4459,0.1,FEW-LONG,3,0,144,3,3
0.891189786419748,1.042633062527825,0.8811821410419194,1.0735243860233208,1.169933810301488,1.2182775115641515,-16.993381030148804,-21.827751156415154,0.15144327610807706,0.1923422449814014,943,991,2873,7.846197242841994,3.5802161583517025,0.5246019024888356,2025-09-22 15:00:00,2025-09-29 04:00:00,3.2489774227142334,2.395461320877075,14.390366554260254,0.04089896887332434,-4.83437012626635,HKWB,4459,0.1,FEW-LONG,3,1,144,3,3
0.6974964626382671,0.9530178408691486,0.7585940152145109,0.9382233226322799,1.3663407514130992,1.2367924130893315,-36.63407514130992,-23.67924130893315,0.2555213782308815,0.17962930741776906,929,991,2831,8.14150914962325,3.7321197923467717,0.4894791961917998,2025-09-21 06:50:00,2025-09-29 04:00:00,3.3941738605499268,2.4065232276916504,18.39154052734375,-0.07589207081311244,12.95483383237677,HKWB,4459,0.1,FEW-LONG,3,2,144,3,3
0.8919534035240445,1.0594408817407313,0.9198758855428427,1.1086269680395389,1.1877760402673005,1.2051919019328452,-18.777604026730053,-20.51919019328452,0.16748747821668675,0.18875108249669614,929,991,2831,7.912568353067814,3.659925370239964,0.5696799236423223,2025-09-21 06:50:00,2025-09-29 04:00:00,3.5045619010925293,2.0311765670776367,17.50286293029785,0.021263604280009396,-1.741586166554466,HKWB,4459,0.1,FEW-LONG,3,3,144,3,3
0.985161389520269,1.1228317580422242,1.092467208392414,1.2810800928361914,1.1397439749328735,1.1726485545697292,-13.974397493287348,-17.264855456972917,0.13767036852195524,0.18861288444377733,929,991,2831,8.711210979547902,4.695832133028204,0.6858010530243075,2025-09-18 09:50:00,2025-09-29 04:00:00,4.350376605987549,2.2262089252471924,22.057891845703125,0.050942515921822085,-3.2904579636855686,HKWB,4459,0.1,FEW-LONG,3,4,144,3,3
0.8852818054916488,1.0782532061795755,0.8951508168257314,1.0801183245354928,1.2179773711499227,1.2066327866020046,-21.797737114992266,-20.663278660200458,0.19297140068792673,0.18496750770976145,929,991,2831,7.876090419806242,3.6542446841194445,0.5219377562847939,2025-09-21 06:50:00,2025-09-29 04:00:00,3.408125162124634,2.1002635955810547,18.093774795532227,-0.008003892978165283,1.1344584547918082,HKWB,4459,0.1,FEW-LONG,3,5,144,3,3
0.8773452819788508,1.1960950946007316,0.8811821410419194,1.6366013931243986,1.3633117076813146,1.8572793488407098,-36.33117076813146,-85.72793488407098,0.31874981262188085,0.7554192520824792,929,991,2831,7.810984930032293,3.5933297024748314,0.5164445746231264,2025-09-22 17:20:00,2025-09-29 04:00:00,3.1018364429473877,2.3719048500061035,14.702767372131348,0.43666943946059833,-49.39676411593952,HKWB,4459,0.1,FEW-LONG,3,6,144,3,3
0.9701112639126972,1.1014762152626079,0.9682934408996081,1.156422640487259,1.135412252425648,1.1942894495008316,-13.541225242564803,-19.42894495008316,0.13136495134991066,0.18812919958765095,929,991,2831,7.882274488697524,3.4021738626052582,0.6456223573670268,2025-09-21 06:50:00,2025-09-29 04:00:00,3.153195381164551,2.223349094390869,18.48265266418457,0.05676424823774029,-5.887719707518357,HKWB,4459,0.1,FEW-LONG,3,7,144,3,3
0.8773452819788508,1.5046578460019264,0.8811821410419194,1.6449863775810818,1.71501218153037,1.866794957551037,-71.501218153037,-86.6794957551037,0.6273125640230757,0.7638042365391624,929,991,2831,7.810984930032293,3.5933297024748314,0.5164445746231264,2025-09-22 17:20:00,2025-09-29 04:00:00,2.9469001293182373,4.0669145584106445,15.061837196350098,0.13649167251608674,-15.1782776020667,HKWB,4459,0.1,FEW-LONG,3,8,144,3,3
1.0739555959975167,1.231645730366787,1.0988227417376464,1.3128620826785566,1.1468311492178629,1.1947896897387058,-14.683114921786288,-19.47896897387058,0.15769013436927026,0.21403934094091026,929,991,2831,9.372639397201292,4.584067695323085,0.7149913913860755,2025-09-19 20:20:00,2025-09-29 04:00:00,4.326534271240234,2.129723072052002,21.76346206665039,0.05634920657164,-4.795854052084291,HKWB,4459,0.1,FEW-LONG,3,9,144,3,3
1.013980194731032,1.1413656064449516,1.1085168075466973,1.3860218302998368,1.125629092536378,1.2503390303727526,-12.56290925363781,-25.033903037275262,0.12738541171391948,0.2775050227531395,929,991,2831,8.32399354144241,3.5924602323405894,0.6629543709380392,2025-09-19 20:20:00,2025-09-29 04:00:00,3.2612247467041016,1.9869823455810547,14.634185791015625,0.15011961103922,-12.470993783637452,HKWB,4459,0.1,FEW-LONG,3,10,144,3,3
0.8773452819788508,1.0356102393609954,0.8811821410419194,1.0224014047535008,1.1803907317141755,1.1602611504865523,-18.039073171417552,-16.02611504865523,0.15826495738214463,0.14121926371158144,929,991,2831,7.810984930032293,3.5933297024748314,0.5164445746231264,2025-09-22 17:20:00,2025-09-29 04:00:00,3.2687900066375732,2.0443928241729736,14.653216361999512,-0.01704569367056319,2.0129581227623206,HKWB,4459,0.1,FEW-LONG,3,11,144,3,3
0.9659874978854769,1.1071249052146257,1.0434638707913282,1.2398206654918698,1.1461068674678452,1.1881778566531787,-14.610686746784518,-18.817785665317864,0.1411374073291488,0.19635679470054157,929,991,2831,8.885572658772874,3.403364893107359,0.6403679369795673,2025-09-21 06:50:00,2025-09-29 04:00:00,3.1670451164245605,2.0974855422973633,18.375606536865234,0.05521938737139276,-4.207098918533346,HKWB,4459,0.1,FEW-LONG,3,12,144,3,3
0.9483396334013837,1.1636867688892492,1.0629782898071873,1.2340237133638692,1.2270780719302912,1.1609114929221251,-22.70780719302912,-16.091149292212513,0.21534713548786544,0.17104542355668184,929,991,2831,8.618870828848225,4.702214935629864,0.6184024799887174,2025-09-19 20:20:00,2025-09-29 04:00:00,4.452019691467285,2.1639091968536377,22.21124839782715,-0.044301711931183596,6.616657900816605,HKWB,4459,0.1,FEW-LONG,3,13,144,3,3
0.7461751202035378,1.0048082093462265,0.8763045952710958,1.0174346654750361,1.3466117834003097,1.1610513866588592,-34.66117834003097,-16.10513866588592,0.2586330891426887,0.1411300702039403,929,991,2831,8.123604951560818,3.7271000908493277,0.5073021292237154,2025-09-21 06:50:00,2025-09-29 04:00:00,3.492363929748535,2.2174201011657715,18.383939743041992,-0.11750301893874837,18.55603967414505,HKWB,4459,0.1,FEW-LONG,3,14,144,3,3
0.5497295743711372,0.6138734030692148,0.553182394054755,0.6088032372672106,1.1166825138914072,1.1005470235680535,-11.668251389140716,-10.054702356805345,0.06414382869807755,0.05562084321245564,405,879,1252,8.147540740740741,4.276215671661383,0.9474770204147684,2025-09-21 00:50:00,2025-09-29 04:20:00,4.083674430847168,1.2627476453781128,20.96794319152832,-0.008522985485621914,1.6135490323353707,HKWB,4459,0.2,MEDIUM,1,0,18,49,49
0.45957648441113336,0.9685545259561952,0.5458915065961678,0.6971617634207129,2.107493657333725,1.2771068151760965,-110.74936573337251,-27.710681517609647,0.5089780415450618,0.1512702568245451,422,879,1303,7.1746919431279625,3.86544432188266,0.5904984674365469,2025-09-21 15:40:00,2025-09-29 04:20:00,3.38790225982666,2.9580235481262207,13.930288314819336,-0.3577077847205167,83.03868421576287,HKWB,4459,0.2,MEDIUM,1,1,18,49,49
0.4853103609211795,2.2420986581122784,0.558315904844041,0.707245237712203,4.619927449841573,1.2667474302201076,-361.99274498415735,-26.67474302201076,1.7567882971910989,0.148929332868162,321,879,1001,6.67897507788162,3.6805060136498686,0.5452163550539908,2025-09-21 08:00:00,2025-09-29 04:20:00,2.382903814315796,5.562870502471924,15.177056312561035,-1.6078589643229368,335.3180019621466,HKWB,4459,0.2,MEDIUM,1,2,18,49,49
0.3377639331409306,1.5941795191858026,0.5500028037988313,0.6945402224921046,4.719803871186678,1.2627939670397375,-371.9803871186678,-26.279396703973745,1.256415586044872,0.1445374186932733,373,879,1155,6.87574798927614,4.290130863571766,0.4910714270396847,2025-09-25 01:50:00,2025-09-29 04:20:00,3.2583346366882324,3.825981616973877,13.386547088623047,-1.1118781673515987,345.70099041469405,HKWB,4459,0.2,MEDIUM,1,3,18,49,49
0.6127786087504811,0.7114411096372778,0.6180287398834756,0.6934150066394911,1.161008395981674,1.121978577841265,-16.100839598167394,-12.197857784126498,0.09866250088679673,0.07538626675601545,377,879,1168,6.588021220159152,3.4813411581596903,0.7236982708548408,2025-09-22 16:20:00,2025-09-29 04:20:00,3.308821678161621,1.5380868911743164,13.973114013671875,-0.02327623413078128,3.9029818140408956,HKWB,4459,0.2,MEDIUM,1,4,18,49,49
0.5618545321703245,0.6690616165956917,0.5537062794600925,0.6018581640974611,1.1908093257008163,1.0869628653738954,-19.080932570081632,-8.696286537389541,0.1072070844253672,0.048151884637368525,359,879,1116,7.261298050139276,3.9550036955103307,0.6029481266573895,2025-09-22 23:40:00,2025-09-29 04:20:00,3.890770196914673,1.528130292892456,14.480351448059082,-0.05905519978799867,10.38464603269209,HKWB,4459,0.2,MEDIUM,1,5,18,49,49
0.37184894446535677,2.3943714107110554,0.5331277511909082,0.6393078454169622,6.439096967597084,1.1991644478999028,-543.9096967597085,-19.916444789990283,2.0225224662456984,0.10618009422605401,400,879,1239,7.70931,4.230176414630955,0.4905536877955308,2025-09-22 18:20:00,2025-09-29 04:20:00,2.9007372856140137,4.886590480804443,14.277393341064453,-1.9163423720196444,523.9932519697182,HKWB,4459,0.2,MEDIUM,1,6,18,49,49
0.6048891943984451,0.7578934648426928,0.6162501422070371,0.7251067715218243,1.2529459475572358,1.1766435767867385,-25.294594755723576,-17.66435767867385,0.1530042704442477,0.10885662931478723,384,879,1189,9.231075520833334,6.1236707083919395,0.7052275234460791,2025-09-20 09:00:00,2025-09-29 04:20:00,5.975658416748047,1.372211217880249,20.751375198364258,-0.04414764112946046,7.630237077049728,HKWB,4459,0.2,MEDIUM,1,7,18,49,49
0.504159645402077,1.2343343567818417,0.5414834593469154,0.6262257165133625,2.448300588987911,1.1565001768819585,-144.8300588987911,-15.650017688195849,0.7301747113797646,0.08474225716644701,385,879,1191,6.21534025974026,3.510041602752662,0.5411986925716918,2025-09-23 04:10:00,2025-09-29 04:20:00,2.9426026344299316,3.1970055103302,13.310256004333496,-0.6454324542133176,129.18004121059525,HKWB,4459,0.2,MEDIUM,1,8,18,49,49
0.4871880142296893,0.9674346715981744,0.5357799785714261,0.6527068013774654,1.9857522010836424,1.2182366409394514,-98.57522010836423,-21.82366409394514,0.4802466573684851,0.11692682280603928,397,879,1228,7.01144080604534,4.120882622272377,0.6684105546695562,2025-09-19 05:10:00,2025-09-29 04:20:00,3.8459699153900146,2.5422098636627197,19.454771041870117,-0.3633198345624458,76.7515560144191,HKWB,4459,0.2,MEDIUM,1,9,18,49,49
0.49817730844877545,2.5408827751475913,0.5499857635969062,0.7418043957447513,5.100358310295971,1.3487701770557687,-410.0358310295971,-34.877017705576876,2.042705466698816,0.19181863214784511,398,879,1231,7.170967336683417,3.9660271606018536,0.7265998685627637,2025-09-20 11:00:00,2025-09-29 04:20:00,2.7483303546905518,5.4499688148498535,17.930553436279297,-1.8508868345509706,375.15881332402023,HKWB,4459,0.2,MEDIUM,1,10,18,49,49
0.5043768215156123,0.6631164934215079,0.5427460295200021,0.6232366914240803,1.3147243591188342,1.1483026268755263,-31.472435911883423,-14.830262687552631,0.15873967190589566,0.08049066190407828,365,879,1132,8.12690410958904,4.4595239249700604,0.6862839705707012,2025-09-18 03:10:00,2025-09-29 04:20:00,4.205178260803223,1.4825636148452759,15.047808647155762,-0.07824901000181739,16.64217322433079,HKWB,4459,0.2,MEDIUM,1,11,18,49,49
0.4424488896472955,2.687927556659147,0.5432268930547198,0.8456525821484291,6.075114255121913,1.5567207606256077,-507.5114255121913,-55.67207606256077,2.2454786670118514,0.30242568909370926,401,879,1242,6.315374064837906,3.5485226619003907,0.7189486728854502,2025-09-22 07:40:00,2025-09-29 04:20:00,2.2047207355499268,5.400979518890381,13.881781578063965,-1.9430529779181422,451.8393494496305,HKWB,4459,0.2,MEDIUM,1,12,18,49,49
0.5596685931964793,1.3051228521836726,0.6410378175302778,0.7037323785592582,2.331956568671509,1.0978016574287666,-133.1956568671509,-9.780165742876656,0.7454542589871933,0.06269456102898041,380,879,1178,8.711655263157896,6.157005158405359,0.7657935777745624,2025-09-20 00:00:00,2025-09-29 04:20:00,5.392914295196533,2.3463590145111084,18.80657958984375,-0.6827596979582129,123.41549112427423,HKWB,4459,0.2,MEDIUM,1,13,18,49,49
0.39481073694308283,0.9162240095965255,0.5824642747837137,0.6876074672620579,2.3206663949684105,1.1805144058275283,-132.06663949684105,-18.051440582752832,0.5214132726534426,0.10514319247834425,361,879,1121,5.422174515235456,2.7750210929824193,0.44449415940697534,2025-09-19 04:40:00,2025-09-29 04:20:00,2.3959391117095947,3.005845546722412,14.063126564025879,-0.41627008017509837,114.01519891408822,HKWB,4459,0.2,MEDIUM,1,14,18,49,49
0.816658327563977,1.0529075808423676,0.8287273670630326,1.0253825499719247,1.2892877538922576,1.237297802298756,-28.92877538922576,-23.729780229875598,0.23624925327839053,0.19665518290889206,392,879,1221,8.113604591836735,4.267984892203925,0.9863950725744304,2025-09-21 00:40:00,2025-09-29 04:00:00,3.805394172668457,1.7954168319702148,19.056034088134766,-0.03959407036949847,5.1989951593501615,HKWB,4459,0.2,MEDIUM,3,0,18,49,49
0.7286889764434782,1.4700315018684098,0.8155708401002595,1.072670223293928,2.017364814606105,1.3152385673353193,-101.73648146061049,-31.52385673353193,0.7413425254249316,0.25709938319366854,410,879,1272,7.101946341463416,3.848720499714891,0.6002682709478028,2025-09-21 15:20:00,2025-09-29 04:00:00,3.180372714996338,3.705927848815918,14.147018432617188,-0.4842431422312631,70.21262472707856,HKWB,4459,0.2,MEDIUM,3,1,18,49,49
0.7980601886605541,2.6522534012335504,0.8454406892528704,1.0653189817472541,3.3233751525496236,1.2600753610388609,-232.33751525496237,-26.007536103886085,1.8541932125729963,0.21987829249438373,309,879,969,6.606313915857605,3.699488123671299,0.5545294068646577,2025-09-21 08:00:00,2025-09-29 04:00:00,2.2708609104156494,5.889041900634766,18.286516189575195,-1.6343149200786127,206.3299791510763,HKWB,4459,0.2,MEDIUM,3,2,18,49,49
0.54448682312108,1.9653692336313289,0.9269497840560443,1.1690560528605511,3.6095808937405285,1.2611859595512553,-260.95808937405286,-26.118595955125535,1.4208824105102489,0.2421062688045068,362,879,1128,6.782729281767955,4.299372699801044,0.5155792856737355,2025-09-25 03:00:00,2025-09-29 04:00:00,2.9079947471618652,4.320126533508301,13.035661697387695,-1.178776141705742,234.83949341892733,HKWB,4459,0.2,MEDIUM,3,3,18,49,49
1.0844410964908338,1.3791471518529441,0.9851012566123823,1.2679283691274972,1.2717584720053086,1.2871046104313333,-27.175847200530857,-28.71046104313333,0.29470605536211036,0.28282711251511483,364,879,1135,6.464442307692308,3.448942438556172,0.7322704688736426,2025-09-22 17:10:00,2025-09-29 04:00:00,3.0980544090270996,2.5385184288024902,14.497635841369629,-0.011878942846995533,-1.5346138426024716,HKWB,4459,0.2,MEDIUM,3,4,18,49,49
1.0310657150106972,1.1731097002124382,0.936410294713544,1.0957368547240134,1.137764240565663,1.1701461003899032,-13.776424056566295,-17.01461003899032,0.142043985201741,0.1593265600104694,346,879,1081,7.232407514450867,3.9874118699523846,0.6170102616339236,2025-09-23 00:30:00,2025-09-29 04:00:00,3.5431158542633057,2.0758254528045654,14.887444496154785,0.017282574808728413,-3.2381859824240244,HKWB,4459,0.2,MEDIUM,3,5,18,49,49
0.5337859382140481,3.1285176099445424,0.8989252551433133,1.0352136608482023,5.860996676705274,1.1516126117550907,-486.0996676705274,-15.161261175509066,2.5947316717304942,0.13628840570488898,388,879,1206,7.685644329896908,4.276771145408626,0.5133934381736558,2025-09-22 18:30:00,2025-09-29 04:00:00,2.4185330867767334,5.879830837249756,14.302411079406738,-2.458443266025605,470.93840649501834,HKWB,4459,0.2,MEDIUM,3,6,18,49,49
1.0295762978525342,1.3101598421581693,0.9420616125876602,1.1260416880826405,1.2725233136105303,1.1952951622661099,-27.252331361053027,-19.529516226610987,0.28058354430563504,0.1839800754949803,371,879,1158,9.266493261455524,6.199556082867359,0.7063486490623028,2025-09-20 08:50:00,2025-09-29 04:00:00,5.807645320892334,1.3572778701782227,20.33124351501465,-0.09660346881065474,7.72281513444204,HKWB,4459,0.2,MEDIUM,3,7,18,49,49
0.9025006776276014,1.7224583280687655,0.9388543074907686,1.2058978141103152,1.9085396507364207,1.2844355130385043,-90.85396507364207,-28.443551303850434,0.8199576504411641,0.26704350661954657,372,879,1158,6.1296075268817205,3.493302942505186,0.530784843945921,2025-09-23 04:20:00,2025-09-29 04:00:00,2.810694694519043,3.6591715812683105,13.060412406921387,-0.5529141438216175,62.41041376979164,HKWB,4459,0.2,MEDIUM,3,8,18,49,49
0.7527812026495481,1.5384335074776594,0.7593741225644167,1.0485032476719436,2.04366621013233,1.3807466129226709,-104.36662101323301,-38.07466129226709,0.7856523048281113,0.28912912510752686,384,879,1196,6.874208333333333,4.040421421570885,0.7157837422800924,2025-09-19 05:10:00,2025-09-29 04:00:00,3.908865451812744,2.9957127571105957,19.947275161743164,-0.49652317972058446,66.29195972096593,HKWB,4459,0.2,MEDIUM,3,9,18,49,49
0.8121593207455677,2.972725079906778,0.8442270761391522,1.172156965011117,3.660273303491483,1.3884380140609383,-266.0273303491483,-38.843801406093824,2.1605657591612104,0.32792988887196484,387,879,1204,7.088754521963824,3.93744899698056,0.698785392121402,2025-09-20 11:10:00,2025-09-29 04:00:00,2.5225324630737305,5.586086750030518,17.762048721313477,-1.8326358702892456,227.18352894305448,HKWB,4459,0.2,MEDIUM,3,10,18,49,49
0.9135741037592353,1.4081519964854425,0.8046953069167446,1.085966473125313,1.5413659282712648,1.34953747560214,-54.136592827126485,-34.95374756021401,0.4945778927262072,0.2812711662085683,353,879,1104,8.047722379603401,4.490546924295621,0.6880207263259447,2025-09-18 03:10:00,2025-09-29 04:00:00,3.8128371238708496,2.0190839767456055,14.74133014678955,-0.21330672651763893,19.182845266912473,HKWB,4459,0.2,MEDIUM,3,11,18,49,49
0.7259309142802036,3.3709432201409824,0.8246395751456955,1.7891348620306537,4.643614363060208,2.169596167773725,-364.3614363060208,-116.9596167773725,2.645012305860779,0.9644952868849582,390,879,1213,6.243679487179487,3.5240549935084062,0.7389509172462052,2025-09-22 08:10:00,2025-09-29 04:00:00,2.0382604598999023,5.4812469482421875,14.700173377990723,-1.6805170189758205,247.40181952864828,HKWB,4459,0.2,MEDIUM,3,12,18,49,49
0.8485215835306672,2.020542077107283,0.9439528915329657,1.1407075608231818,2.3812500663800225,1.2084369580887553,-138.12500663800225,-20.84369580887553,1.1720204935766159,0.19675466929021612,368,879,1148,8.651567934782607,6.20958147050694,0.7518307214807217,2025-09-20 00:20:00,2025-09-29 04:00:00,4.943264484405518,3.0597095489501953,18.872112274169922,-0.9752658242863997,117.28131082912671,HKWB,4459,0.2,MEDIUM,3,13,18,49,49
0.6410432355149119,1.2701858821104375,0.8999871987460223,1.0769433871294702,1.981435590830582,1.1966207837511533,-98.14355908305821,-19.662078375115332,0.6291426465955255,0.17695618838344795,349,879,1091,5.291908309455588,2.6693434535421257,0.4741457718264957,2025-09-19 04:40:00,2025-09-29 04:00:00,2.2225944995880127,3.161388635635376,14.319994926452637,-0.4521864582120776,78.48148070794288,HKWB,4459,0.2,MEDIUM,3,14,18,49,49
0.4102721346424352,0.8936083455426409,0.42889586222471787,0.6854339907036187,2.1780868601311374,1.5981361702773642,-117.80868601311374,-59.81361702773642,0.4833362109002057,0.2565381284789008,793,884,2418,7.756199243379573,3.8618703931929614,0.40963137847552894,2025-09-22 06:10:00,2025-09-29 04:20:00,3.498499631881714,3.100271463394165,13.944723129272461,-0.2267980824213049,57.99506898537732,HKWB,4459,0.2,FEW-LONG,1,0,144,6,6
0.5401916770177914,0.6065409459679143,0.6008983282594298,0.671809152437476,1.1228254187780418,1.118008023725823,-12.282541877804176,-11.800802372582297,0.06634926895012294,0.07091082417804617,793,884,2416,7.616544766708701,3.515979841448735,0.6512614314469635,2025-09-22 06:10:00,2025-09-29 04:20:00,3.447819948196411,1.4533424377441406,13.814861297607422,0.004561555227923231,0.4817395052218796,HKWB,4459,0.2,FEW-LONG,1,1,144,6,6
0.3870661884703015,0.9447667418822605,0.45255244939897693,1.2058506748118052,2.440840274930782,2.6645545205053334,-144.08402749307817,-166.45545205053332,0.557700553411959,0.7532982254128282,794,884,2420,7.7182896725440795,3.8373808788402557,0.3871927720887883,2025-09-22 06:00:00,2025-09-29 04:20:00,3.428161859512329,3.4424564838409424,14.070953369140625,0.1955976720008692,-22.371424557455157,HKWB,4459,0.2,FEW-LONG,1,2,144,6,6
0.5709164906368791,0.704471216478724,0.5697339062947724,0.6800970129841529,1.2339304049404134,1.1937099152253723,-23.39304049404134,-19.370991522537228,0.1335547258418449,0.11036310668938054,779,884,2376,8.224195121951219,4.912109464052196,0.5912002245937532,2025-09-20 22:20:00,2025-09-29 04:20:00,4.782215595245361,1.4129936695098877,21.096799850463867,-0.02319161915246437,4.022048971504113,HKWB,4459,0.2,FEW-LONG,1,3,144,6,6
0.6450984112562916,0.7296679686271049,0.636930455369639,0.7164101429521408,1.1310955908356974,1.1247855035231062,-13.109559083569744,-12.478550352310624,0.08456955737081329,0.07947968758250179,779,884,2376,7.900315789473684,4.564975130701448,0.6897404926528153,2025-09-20 22:20:00,2025-09-29 04:20:00,4.451235294342041,1.397727370262146,21.787033081054688,-0.005089869788311496,0.6310087312591204,HKWB,4459,0.2,FEW-LONG,1,4,144,6,6
0.4082246042046494,0.4792512450635491,0.5085767092885489,0.5703334203379655,1.173989122966466,1.1214304743443884,-17.398912296646607,-12.143047434438836,0.0710266408588997,0.0617567110494166,797,884,2427,7.712952321204517,3.8288769840295043,0.40826451274640424,2025-09-23 15:40:00,2025-09-29 04:20:00,3.6757962703704834,1.531360387802124,14.19301986694336,-0.009269929809483102,5.255864862207771,HKWB,4459,0.2,FEW-LONG,1,5,144,6,6
0.6361556124810496,0.7440504663982264,0.6443068919705299,1.0997110785173334,1.1696044989627297,1.7068125333162403,-16.960449896272966,-70.68125333162402,0.10789485391717679,0.4554041865468035,790,884,2409,8.935362025316456,3.51336337476141,0.6909550973852098,2025-09-21 03:50:00,2025-09-29 04:20:00,3.294701337814331,2.3890600204467773,20.278322219848633,0.3475093326296267,-53.72080343535106,HKWB,4459,0.2,FEW-LONG,1,6,144,6,6
0.6101955617456952,0.6600059084972542,0.6258798684480168,0.6696772324124572,1.0816301360977743,1.0699772690772815,-8.163013609777426,-6.997726907728152,0.04981034675155893,0.04379736396444045,789,884,2406,7.385305449936628,3.464474558833455,0.6337238326227782,2025-09-18 03:20:00,2025-09-29 04:20:00,3.3185064792633057,1.5174154043197632,14.137350082397461,-0.0060129827871184816,1.1652867020492739,HKWB,4459,0.2,FEW-LONG,1,7,144,6,6
0.5479032292769573,1.0813099478951103,0.5433250529123169,1.1695292711432024,1.9735418411788979,2.1525406658027673,-97.35418411788979,-115.25406658027673,0.5334067186181529,0.6262042182308855,779,884,2376,8.869442875481386,3.39071183566422,0.548275336488769,2025-09-22 08:30:00,2025-09-29 04:20:00,2.858966827392578,4.0648698806762695,14.284481048583984,0.09279749961273254,-17.89988246238694,HKWB,4459,0.2,FEW-LONG,1,8,144,6,6
0.6127667698635731,0.7651565043995637,0.6357435789609246,0.7215151681291674,1.2486912509467816,1.1349153841371549,-24.869125094678157,-13.491538413715487,0.15238973453599058,0.08577158916824279,779,884,2376,8.863382541720155,4.723895250627317,0.7042534807864332,2025-09-20 22:20:00,2025-09-29 04:20:00,4.561363220214844,1.8025953769683838,20.977895736694336,-0.0666181453677478,11.37758668096267,HKWB,4459,0.2,FEW-LONG,1,9,144,6,6
0.46722821799663133,0.5463124992234231,0.6491869079107456,0.7512736556555382,1.1692626390715166,1.1572532447909871,-16.92626390715166,-15.725324479098713,0.07908428122679173,0.10208674774479254,780,884,2377,8.248800000000001,3.8829988894390137,0.591013034378327,2025-09-19 12:20:00,2025-09-29 04:20:00,3.747255802154541,1.4603904485702515,14.074522018432617,0.023002466518000808,1.2009394280529477,HKWB,4459,0.2,FEW-LONG,1,10,144,6,6
0.39106441100647454,0.47786638865666475,0.5085767092885489,0.5726478103078254,1.2219633779171817,1.1259811938869673,-22.196337791718168,-12.598119388696727,0.08680197765019021,0.06407110101927649,779,884,2376,7.663680359435173,3.8544510927570936,0.39081940958952194,2025-09-23 18:40:00,2025-09-29 04:20:00,3.740685224533081,1.6343942880630493,14.289283752441406,-0.02273087663091372,9.598218403021441,HKWB,4459,0.2,FEW-LONG,1,11,144,6,6
0.5481354367272279,0.7099732763218894,0.5998700424869566,0.7332405771455415,1.2952515541796616,1.2223323807030835,-29.525155417966165,-22.233238070308346,0.16183783959466158,0.13337053465858484,779,884,2376,8.525519897304235,3.573072227158282,0.5960591155921836,2025-09-22 08:30:00,2025-09-29 04:20:00,3.662404775619507,1.437859058380127,13.998273849487305,-0.028467304936076743,7.291917347657819,HKWB,4459,0.2,FEW-LONG,1,12,144,6,6
0.6263209745045473,0.6919715507916703,0.6749333124423064,0.7436033598832885,1.1048193800934993,1.101743455501542,-10.481938009349934,-10.174345550154197,0.06565057628712301,0.06867004744098215,786,884,2394,8.327063613231552,4.8874767077166155,0.6568769385784556,2025-09-19 15:10:00,2025-09-29 04:20:00,4.747161388397217,1.5149341821670532,21.06036949157715,0.0030194711538591434,0.3075924591957371,HKWB,4459,0.2,FEW-LONG,1,13,144,6,6
0.39124540967049737,0.5081222755387081,0.5527109044440889,1.330893454565547,1.298730318565637,2.4079377552794012,-29.873031856563692,-140.7937755279401,0.11687686586821078,0.7781825501214582,782,884,2384,7.677373401534527,3.853386857341993,0.39050978282015375,2025-09-23 18:10:00,2025-09-29 04:20:00,3.868170738220215,1.3718247413635254,14.011712074279785,0.6613056842532474,-110.92074367137641,HKWB,4459,0.2,FEW-LONG,1,14,144,6,6
0.6168305625480964,1.201212039983966,0.6547363521500292,1.156733457430204,1.9473938434921558,1.766716409791074,-94.73938434921558,-76.6716409791074,0.5843814774358697,0.5019971052801747,788,883,2409,7.739914974619289,3.8684032411541196,0.4107397283138464,2025-09-22 06:20:00,2025-09-29 04:00:00,3.338592767715454,3.644359827041626,14.4652681350708,-0.08238437215569494,18.06774337010819,HKWB,4459,0.2,FEW-LONG,3,0,144,6,6
0.9322699910940051,1.0964285030456427,1.0254930272982712,1.1837816495721518,1.1760847324485904,1.154353679703608,-17.608473244859034,-15.435367970360803,0.16415851195163755,0.15828862227388063,788,883,2407,7.61505964467005,3.5154207393808368,0.6283326324243672,2025-09-22 06:20:00,2025-09-29 04:00:00,3.2579002380371094,2.090243101119995,13.473838806152344,-0.005869889677756923,2.1731052744982318,HKWB,4459,0.2,FEW-LONG,3,1,144,6,6
0.5825256882231008,1.2832536284766338,0.702237890954795,1.654301702613283,2.202913372611925,2.3557568224694028,-120.2913372611925,-135.5756822469403,0.700727940253533,0.9520638116584879,789,883,2411,7.696557667934093,3.839697583714161,0.38733922577948365,2025-09-22 06:10:00,2025-09-29 04:00:00,3.1565089225769043,3.8195207118988037,14.485079765319824,0.25133587140495484,-15.284344985747794,HKWB,4459,0.2,FEW-LONG,3,2,144,6,6
0.8974173711180857,1.1993632082290424,0.9042902148934168,1.1858535006097137,1.3364608785483667,1.3113638531956062,-33.64608785483667,-31.136385319560624,0.3019458371109567,0.28156328571629696,774,883,2365,8.198356589147288,4.90740726468414,0.5951725049507559,2025-09-20 22:10:00,2025-09-29 04:00:00,4.664919853210449,1.9712707996368408,21.64868927001953,-0.02038255139465972,2.5097025352760483,HKWB,4459,0.2,FEW-LONG,3,3,144,6,6
1.0189201420199492,1.2264002867593593,1.0101126239305114,1.2251790474487034,1.2036274838262526,1.2129133112715034,-20.362748382625263,-21.291331127150336,0.20748014473941012,0.21506642351819205,774,883,2365,7.881058139534884,4.556953163274636,0.6975896425232363,2025-09-20 22:10:00,2025-09-29 04:00:00,4.330563068389893,2.0755722522735596,22.039064407348633,0.00758627877878193,-0.9285827445250732,HKWB,4459,0.2,FEW-LONG,3,4,144,6,6
0.6458482305222233,0.9134877865389135,0.8556267675484525,0.9834728781822485,1.4144000763155777,1.1494180821388997,-41.440007631557776,-14.941808213889974,0.2676395560166902,0.12784611063379603,792,883,2420,7.701857323232323,3.8383333367671817,0.40807670765552023,2025-09-23 16:10:00,2025-09-29 04:00:00,3.458256959915161,1.927336573600769,14.544508934020996,-0.13979344538289418,26.498199417667802,HKWB,4459,0.2,FEW-LONG,3,5,144,6,6
1.0148880990055922,1.2594638676661383,1.0231482325527248,1.5529754437975234,1.2409879166976008,1.5178401275472033,-24.09879166976008,-51.78401275472033,0.2445757686605461,0.5298272112447986,785,883,2400,8.902230573248408,3.462170991384968,0.6831221121244296,2025-09-21 04:00:00,2025-09-29 04:00:00,3.1176233291625977,2.444636106491089,20.063913345336914,0.2852514425842525,-27.68522108496025,HKWB,4459,0.2,FEW-LONG,3,6,144,6,6
1.0984512959988388,1.2377449770823914,1.0979540852298575,1.2164576188492928,1.1268091553908093,1.1079312288315104,-12.680915539080928,-10.79312288315104,0.13929368108355256,0.11850353361943533,785,883,2398,7.385611464968153,3.4724410695538963,0.6319132924681917,2025-09-18 02:40:00,2025-09-29 04:00:00,3.0503103733062744,2.424741744995117,14.192538261413574,-0.020790147464117226,1.8877926559298874,HKWB,4459,0.2,FEW-LONG,3,7,144,6,6
0.927664854026145,1.6633314990710233,0.9216227459452782,1.5326482343149876,1.7930306315389897,1.6629887240282908,-79.30306315389896,-66.29887240282908,0.7356666450448783,0.6110254883697095,774,883,2365,8.870503875968993,3.39788449908269,0.5501726883076157,2025-09-22 08:40:00,2025-09-29 04:00:00,2.7102739810943604,4.836695671081543,14.937858581542969,-0.12464115667516884,13.004190751069885,HKWB,4459,0.2,FEW-LONG,3,8,144,6,6
0.9824460318136343,1.1919332521635293,1.0180511816114755,1.2966492453430714,1.2132302575065352,1.273658209689028,-21.323025750653525,-27.36582096890281,0.20948722034989498,0.2785980637315959,774,883,2365,8.855227390180879,4.712183899292183,0.7009495039990205,2025-09-20 22:10:00,2025-09-29 04:00:00,4.390407562255859,2.283715009689331,20.845157623291016,0.06911084338170093,-6.042795218249285,HKWB,4459,0.2,FEW-LONG,3,9,144,6,6
0.8372392389429717,1.0781429779929659,1.1729940454143732,1.43534118661263,1.2877358440033688,1.2236559871926542,-28.773584400336883,-22.36559871926542,0.24090373904999418,0.26234714119825675,775,883,2368,8.255908387096774,3.8906954333997983,0.6141104724304499,2025-09-19 12:10:00,2025-09-29 04:00:00,3.5442042350769043,2.1748485565185547,14.860084533691406,0.02144340214826257,6.407985681071462,HKWB,4459,0.2,FEW-LONG,3,10,144,6,6
0.5826503421337969,0.93611487779396,0.8556267675484525,1.042837841625636,1.6066494947307441,1.2187999267643088,-60.664949473074415,-21.87999267643088,0.3534645356601631,0.18721107407718363,774,883,2365,7.637352713178294,3.8525918536201695,0.3881713446085968,2025-09-23 19:10:00,2025-09-29 04:00:00,3.498662233352661,2.085843563079834,14.826642990112305,-0.1662534615829795,38.784956796643534,HKWB,4459,0.2,FEW-LONG,3,11,144,6,6
0.935778980177265,1.2059821970903115,1.0340591190102015,1.2436637034369973,1.2887468329988154,1.202700774620535,-28.874683299881543,-20.270077462053493,0.2702032169130465,0.20960458442679575,774,883,2365,8.529577519379846,3.5762896618258897,0.5961361855918896,2025-09-22 08:40:00,2025-09-29 04:00:00,3.4650070667266846,2.296125650405884,14.941718101501465,-0.06059863248625075,8.60460583782805,HKWB,4459,0.2,FEW-LONG,3,12,144,6,6
0.9966495376491612,1.2636118954602085,1.1330979992382342,1.317924425207398,1.267859812026545,1.1631160112306438,-26.785981202654497,-16.311601123064378,0.26696235781104727,0.18482642596916388,781,883,2385,8.332910371318821,4.897975275289211,0.6479700985483472,2025-09-19 15:00:00,2025-09-29 04:00:00,4.586965560913086,2.467219352722168,21.892925262451172,-0.08213593184188339,10.47438007959012,HKWB,4459,0.2,FEW-LONG,3,13,144,6,6
0.5849913924280675,0.8354091691057176,0.842093171448251,1.503224578120832,1.4280708740657961,1.7851048186693548,-42.80708740657961,-78.51048186693548,0.2504177766776501,0.661131406672581,777,883,2375,7.651732303732304,3.852130119632933,0.3884946092939681,2025-09-23 18:40:00,2025-09-29 04:00:00,3.7898621559143066,1.850173830986023,14.665752410888672,0.4107136299949309,-35.70339446035587,HKWB,4459,0.2,FEW-LONG,3,14,144,6,6
